-- MySQL dump 10.13  Distrib 5.5.62, for Win64 (AMD64)
--
-- Host: localhost    Database: pos
-- ------------------------------------------------------
-- Server version	5.5.5-10.4.6-MariaDB

/*!40101 SET @OLD_CHARACTER_SET_CLIENT=@@CHARACTER_SET_CLIENT */;
/*!40101 SET @OLD_CHARACTER_SET_RESULTS=@@CHARACTER_SET_RESULTS */;
/*!40101 SET @OLD_COLLATION_CONNECTION=@@COLLATION_CONNECTION */;
/*!40101 SET NAMES utf8 */;
/*!40103 SET @OLD_TIME_ZONE=@@TIME_ZONE */;
/*!40103 SET TIME_ZONE='+00:00' */;
/*!40014 SET @OLD_UNIQUE_CHECKS=@@UNIQUE_CHECKS, UNIQUE_CHECKS=0 */;
/*!40014 SET @OLD_FOREIGN_KEY_CHECKS=@@FOREIGN_KEY_CHECKS, FOREIGN_KEY_CHECKS=0 */;
/*!40101 SET @OLD_SQL_MODE=@@SQL_MODE, SQL_MODE='NO_AUTO_VALUE_ON_ZERO' */;
/*!40111 SET @OLD_SQL_NOTES=@@SQL_NOTES, SQL_NOTES=0 */;

--
-- Table structure for table `account`
--

DROP TABLE IF EXISTS `account`;
/*!40101 SET @saved_cs_client     = @@character_set_client */;
/*!40101 SET character_set_client = utf8 */;
CREATE TABLE `account` (
  `account_id` int(11) NOT NULL AUTO_INCREMENT,
  `account_no` varchar(50) DEFAULT '0',
  `account_type` int(11) DEFAULT 0,
  `account_name` varchar(225) DEFAULT '0',
  `parent` int(11) DEFAULT NULL,
  `saldo` decimal(15,2) DEFAULT 0.00,
  `effective_date` date DEFAULT NULL,
  `note` varchar(225) DEFAULT '0',
  `created_by` int(11) DEFAULT 0,
  `created_date` timestamp NULL DEFAULT current_timestamp(),
  `updated_by` int(11) DEFAULT 0,
  `updated_date` timestamp NULL DEFAULT current_timestamp() ON UPDATE current_timestamp(),
  PRIMARY KEY (`account_id`),
  UNIQUE KEY `Index 2` (`account_no`)
) ENGINE=InnoDB AUTO_INCREMENT=106 DEFAULT CHARSET=latin1;
/*!40101 SET character_set_client = @saved_cs_client */;

--
-- Dumping data for table `account`
--

LOCK TABLES `account` WRITE;
/*!40000 ALTER TABLE `account` DISABLE KEYS */;
INSERT INTO `account` VALUES (7,'1101',1,'Kas & Bank',0,0.00,NULL,'',3,'2020-02-19 10:50:22',0,'2020-02-19 10:50:22'),(8,'110101',1,'Kas',7,0.00,NULL,'',3,'2020-02-19 10:51:14',0,'2020-02-19 10:51:14'),(9,'110102',1,'Bank',7,0.00,NULL,'',3,'2020-02-19 10:51:46',0,'2020-02-19 10:51:46'),(10,'1102',1,'Setara Kas',0,0.00,NULL,'',3,'2020-02-19 10:52:40',0,'2020-02-19 10:52:40'),(11,'110201',1,'Deposito Bank',10,0.00,NULL,'',3,'2020-02-19 10:53:15',0,'2020-02-19 10:53:15'),(12,'1103',2,'Piutang Usaha',0,0.00,NULL,'',3,'2020-02-19 10:54:05',3,'2020-02-19 10:54:18'),(13,'110301',2,'Piutang Usaha IDR',12,0.00,NULL,'',3,'2020-02-19 10:54:57',0,'2020-02-19 10:54:57'),(14,'110302',2,'Uang Muka Pembelian IDR',12,0.00,NULL,'',3,'2020-02-19 10:55:40',0,'2020-02-19 10:55:40'),(15,'1104',3,'Persediaan',0,0.00,NULL,'',3,'2020-02-19 10:56:16',0,'2020-02-19 10:56:16'),(16,'110401',3,'Persediaan',15,0.00,NULL,'',3,'2020-02-19 10:57:00',0,'2020-02-19 10:57:00'),(17,'110402',3,'Persediaan Terkirim',15,0.00,NULL,'',3,'2020-02-19 10:58:16',0,'2020-02-19 10:58:16'),(18,'1105',4,'Aset Lancar Lainnya',0,0.00,NULL,'',3,'2020-02-19 10:59:14',0,'2020-02-19 10:59:14'),(19,'110501',4,'Perlengkapan Kantor',18,0.00,NULL,'',3,'2020-02-19 11:01:18',0,'2020-02-19 11:01:18'),(20,'110502',4,'Sewa Gedung Dibayar Dimuka',18,0.00,NULL,'',3,'2020-02-19 11:02:20',0,'2020-02-19 11:02:20'),(21,'110503',4,'Asuransi Dibayar Dimuka',18,0.00,NULL,'',3,'2020-02-19 11:03:17',0,'2020-02-19 11:03:17'),(22,'110504',4,'PPN Masukan',18,0.00,NULL,'',3,'2020-02-19 11:04:07',0,'2020-02-19 11:04:07'),(23,'110505',4,'PPh 23 Penjualan',18,0.00,NULL,'',3,'2020-02-19 11:05:09',0,'2020-02-19 11:05:09'),(24,'110506',4,'PPh Ps.4(2) Penjualan',18,0.00,NULL,'',3,'2020-02-19 11:09:33',0,'2020-02-19 11:09:33'),(25,'1200',5,'Aset Tetap',0,0.00,NULL,'',3,'2020-02-19 11:10:27',0,'2020-02-19 11:10:27'),(26,'120001',5,'Tanah',25,0.00,NULL,'',3,'2020-02-19 11:11:11',0,'2020-02-19 11:11:11'),(27,'120002',5,'Gedung',25,0.00,NULL,'',3,'2020-02-19 11:11:52',0,'2020-02-19 11:11:52'),(28,'120003',5,'Kendaraan',25,0.00,NULL,'',3,'2020-02-19 11:12:38',0,'2020-02-19 11:12:38'),(29,'120004',5,'Peralatan',25,0.00,NULL,'',3,'2020-02-19 11:13:14',0,'2020-02-19 11:13:14'),(30,'120005',5,'Inventaris Kantor',25,0.00,NULL,'',3,'2020-02-19 11:13:57',0,'2020-02-19 11:13:57'),(31,'120006',6,'Akumulasi Depresiasi Aset Tetap',0,0.00,NULL,'',3,'2020-02-19 11:16:39',0,'2020-02-19 11:16:39'),(32,'12000601',6,'Akumulasi Penyusutan Gedung',31,0.00,NULL,'',3,'2020-02-19 11:17:46',0,'2020-02-19 11:17:46'),(33,'12000602',6,'Akumulasi Penyusutan Kendaraan',31,0.00,NULL,'',3,'2020-02-19 11:18:51',0,'2020-02-19 11:18:51'),(34,'12000603',6,'Akumulasi Penyusutan Peralatan',31,0.00,NULL,'',3,'2020-02-19 11:19:32',0,'2020-02-19 11:19:32'),(35,'12000604',6,'Akumulasi Penyusutan Inventaris Kantor',31,0.00,NULL,'',3,'2020-02-19 11:20:30',0,'2020-02-19 11:20:30'),(36,'2101',8,'Hutang Usaha',0,0.00,NULL,'',3,'2020-02-19 11:22:02',0,'2020-02-19 11:22:02'),(37,'210101',8,'Hutang Usaha IDR',36,0.00,NULL,'',3,'2020-02-19 11:22:56',0,'2020-02-19 11:22:56'),(38,'210102',8,'Uang Muka Penjualan IDR',36,0.00,NULL,'',3,'2020-02-19 11:23:36',0,'2020-02-19 11:23:36'),(39,'2102',9,'Kewajiban Jangka Pendek Lainnya',0,0.00,NULL,'',3,'2020-02-19 11:24:35',0,'2020-02-19 11:24:35'),(40,'210201',9,'PPN Keluaran',39,0.00,NULL,'',3,'2020-02-19 11:25:35',0,'2020-02-19 11:25:35'),(41,'210202',9,'PPh 23 Pembelian',39,0.00,NULL,'',3,'2020-02-19 11:26:33',0,'2020-02-19 11:26:33'),(42,'210203',9,'Hutang Pembelian Belum Ditagih',39,0.00,NULL,'',3,'2020-02-19 11:27:23',0,'2020-02-19 11:27:23'),(43,'210204',9,'PPh Ps.4(2) Pembelian',39,0.00,NULL,'',3,'2020-02-19 11:28:20',0,'2020-02-19 11:28:20'),(44,'2201',10,'Hutang Jangka Panjang',0,0.00,NULL,'',3,'2020-02-19 11:29:08',0,'2020-02-19 11:29:08'),(45,'3000',11,'Modal',0,0.00,NULL,'',3,'2020-02-19 11:29:40',0,'2020-02-19 11:29:40'),(46,'300001',11,'Equitas Saldo Awal',45,0.00,NULL,'',3,'2020-02-19 11:30:27',0,'2020-02-19 11:30:27'),(47,'300002',11,'Laba Ditahan',45,0.00,NULL,'',3,'2020-02-19 11:30:59',0,'2020-02-19 11:30:59'),(48,'300003',11,'Modal Saham',45,0.00,NULL,'',3,'2020-02-19 11:31:40',0,'2020-02-19 11:31:40'),(49,'4000',12,'Pendapatan Operasional',0,0.00,NULL,'',3,'2020-02-19 11:32:44',0,'2020-02-19 11:32:44'),(50,'400001',12,'Penjualan',49,0.00,NULL,'',3,'2020-02-19 11:33:36',0,'2020-02-19 11:33:36'),(51,'400002',12,'Pendapatan Jasa',49,0.00,NULL,'',3,'2020-02-19 11:34:11',0,'2020-02-19 11:34:11'),(52,'400003',12,'Retur Penjualan',49,0.00,NULL,'',3,'2020-02-19 11:34:49',0,'2020-02-19 11:34:49'),(53,'400004',12,'Diskon Penjualan',49,0.00,NULL,'',3,'2020-02-19 11:35:41',0,'2020-02-19 11:35:41'),(54,'400005',12,'Penjualan 2',49,0.00,NULL,'',3,'2020-02-19 11:37:03',0,'2020-02-19 11:37:03'),(55,'400006',12,'Penjualan 3',49,0.00,NULL,'',3,'2020-02-19 11:37:31',0,'2020-02-19 11:37:31'),(56,'4401',12,'Diskon Penjualan',0,0.00,NULL,'',3,'2020-02-19 11:38:33',0,'2020-02-19 11:38:33'),(57,'440101',12,'Diskon Penjualan IDR',56,0.00,NULL,'',3,'2020-02-19 11:51:26',0,'2020-02-19 11:51:26'),(58,'5101',13,'Beban Pokok Penjualan',0,0.00,NULL,'',3,'2020-02-19 11:52:12',0,'2020-02-19 11:52:12'),(59,'6000',14,'Beban Operasional',0,0.00,NULL,'',3,'2020-02-19 11:52:44',0,'2020-02-19 11:52:44'),(60,'600001',14,'Beban Iklan',59,0.00,NULL,'',3,'2020-02-19 11:53:27',0,'2020-02-19 11:53:27'),(61,'600002',14,'Beban Komisi',59,0.00,NULL,'',3,'2020-02-19 11:54:03',0,'2020-02-19 11:54:03'),(62,'600003',14,'Beban Bensin, Parkir, Tol Kendaraan',59,0.00,NULL,'',3,'2020-02-19 11:54:43',0,'2020-02-19 11:54:43'),(63,'600004',14,'Beban Gaji, Upah & Honorer',59,0.00,NULL,'',3,'2020-02-19 11:55:25',0,'2020-02-19 11:55:25'),(64,'600005',14,'Beban Bonus, Pesangon & Kompensasi',59,0.00,NULL,'',3,'2020-02-19 11:56:08',0,'2020-02-19 11:56:08'),(65,'600006',14,'Beban Transportasi Karyawan',59,0.00,NULL,'',3,'2020-02-19 11:57:08',0,'2020-02-19 11:57:08'),(66,'600007',14,'Beban Katering & Makan Karyawan',59,0.00,NULL,'',3,'2020-02-19 11:57:41',0,'2020-02-19 11:57:41'),(67,'600008',14,'Beban Tunjangan Kesehatan',59,0.00,NULL,'',3,'2020-02-19 11:58:15',0,'2020-02-19 11:58:15'),(68,'600009',14,'Beban Asuransi Karyawan',59,0.00,NULL,'',3,'2020-02-19 11:58:54',0,'2020-02-19 11:58:54'),(70,'600010',14,'Beban THR',59,0.00,NULL,'',3,'2020-02-19 11:59:24',0,'2020-02-20 04:34:35'),(71,'600011',14,'Beban Listrik',59,0.00,NULL,'',3,'2020-02-19 12:00:01',0,'2020-02-19 12:00:01'),(72,'600012',14,'Beban PAM',59,0.00,NULL,'',3,'2020-02-19 12:00:34',0,'2020-02-19 12:00:34'),(73,'600013',14,'Beban Telekomunikasi',59,0.00,NULL,'',3,'2020-02-19 12:01:06',0,'2020-02-19 12:01:06'),(74,'600014',14,'Beban Ekspedisi, Pos & Materai',59,0.00,NULL,'',3,'2020-02-19 12:01:38',0,'2020-02-19 12:01:38'),(75,'600015',14,'Beban Perjalanan Dinas',59,0.00,NULL,'',3,'2020-02-19 12:02:17',0,'2020-02-19 12:02:17'),(76,'600016',14,'Beban Perlengkapan Kantor',59,0.00,NULL,'',3,'2020-02-19 12:02:45',0,'2020-02-19 12:02:45'),(77,'600017',14,'Beban Pajak Penghasilan',59,0.00,NULL,'',3,'2020-02-19 12:03:33',0,'2020-02-19 12:03:33'),(78,'600018',14,'Beban Retribusi & Sumbangan',59,0.00,NULL,'',3,'2020-02-19 12:04:14',0,'2020-02-19 12:04:14'),(79,'600019',14,'Beban Sewa Gedung',59,0.00,NULL,'',3,'2020-02-19 12:04:56',0,'2020-02-19 12:04:56'),(80,'600020',14,'Beban Operasional Lainnya',59,0.00,NULL,'',3,'2020-02-19 12:05:29',0,'2020-02-19 12:05:29'),(81,'600021',14,'Beban Penyusutan Gedung',59,0.00,NULL,'',3,'2020-02-19 12:06:00',0,'2020-02-19 12:06:00'),(82,'600022',14,'Beban Penyusutan Kendaraan',59,0.00,NULL,'',3,'2020-02-19 12:06:29',0,'2020-02-19 12:06:29'),(83,'600023',14,'Beban Penyusutan Peralatan',59,0.00,NULL,'',3,'2020-02-19 12:06:59',0,'2020-02-19 12:06:59'),(84,'600024',14,'Beban Penyusutan Inventaris Kantor',59,0.00,NULL,'',3,'2020-02-19 12:07:36',0,'2020-02-19 12:07:36'),(85,'7100',16,'Pendapatan Diluar Usaha',0,0.00,NULL,'',3,'2020-02-19 12:08:46',0,'2020-02-19 12:08:46'),(86,'710001',16,'Pendapatan Jasa Giro',85,0.00,NULL,'',3,'2020-02-19 12:09:28',0,'2020-02-19 12:09:28'),(87,'710002',16,'Pendapatan Bunga Deposito',85,0.00,NULL,'',3,'2020-02-19 12:09:59',0,'2020-02-19 12:09:59'),(88,'710003',16,'Penjualan Persediaan / Perlengkapan',85,0.00,NULL,'',3,'2020-02-19 12:10:31',0,'2020-02-19 12:10:31'),(89,'710004',16,'Laba/Rugi Revaluasi Aset',85,0.00,NULL,'',3,'2020-02-19 12:11:07',0,'2020-02-19 12:11:07'),(90,'710005',16,'Pendapatan Diluar Usaha Lainnya',85,0.00,NULL,'',3,'2020-02-19 12:11:38',0,'2020-02-19 12:11:38'),(91,'7200',15,'Beban Diluar Usaha',0,0.00,NULL,'',3,'2020-02-19 12:12:17',0,'2020-02-19 12:12:17'),(92,'720001',15,'Beban Bunga Pinjaman',91,0.00,NULL,'',3,'2020-02-19 12:12:52',0,'2020-02-19 12:12:52'),(93,'720002',15,'Beban Adm. Bank & Buku Cek/Giro',91,0.00,NULL,'',3,'2020-02-19 12:13:23',0,'2020-02-19 12:13:23'),(94,'720003',15,'Pajak Jasa Giro',91,0.00,NULL,'',3,'2020-02-19 12:14:05',0,'2020-02-19 12:14:05'),(95,'720004',15,'Laba/Rugi Terealisasi',91,0.00,NULL,'',3,'2020-02-19 12:14:42',0,'2020-02-19 12:14:42'),(96,'720005',15,'Laba/Rugi Belum Terealisasi',91,0.00,NULL,'',3,'2020-02-19 12:15:23',0,'2020-02-19 12:15:23'),(97,'720006',15,'Laba/Rugi Disposisi Aset',91,0.00,NULL,'',3,'2020-02-19 12:15:51',0,'2020-02-19 12:15:51'),(98,'720007',15,'Beban Diluar Usaha Lainnya',91,0.00,NULL,'',3,'2020-02-19 12:16:18',0,'2020-02-19 12:16:18'),(99,'7201',15,'Laba/Rugi Terealisasi',0,0.00,NULL,'',3,'2020-02-19 12:17:27',0,'2020-02-19 12:17:27'),(100,'720101',15,'Laba/Rugi Terealisasi IDR',99,0.00,NULL,'',3,'2020-02-19 12:18:07',0,'2020-02-19 12:18:07'),(101,'7202',15,'Laba/Rugi Belum Terealisasi',0,0.00,NULL,'',3,'2020-02-19 12:18:31',0,'2020-02-19 12:18:31'),(102,'720201',15,'Laba/Rugi Belum Terealisasi IDR',101,0.00,NULL,'',3,'2020-02-19 12:19:03',0,'2020-02-19 12:19:03'),(103,'11010101',1,'Kas Kecil',8,0.00,'2020-03-01','',3,'2020-03-01 01:30:08',0,'2020-03-01 01:30:08'),(104,'11010102',1,'Kas Besar',8,0.00,NULL,'',3,'2020-03-01 01:31:09',0,'2020-03-01 01:31:09');
/*!40000 ALTER TABLE `account` ENABLE KEYS */;
UNLOCK TABLES;

--
-- Table structure for table `account_mappings`
--

DROP TABLE IF EXISTS `account_mappings`;
/*!40101 SET @saved_cs_client     = @@character_set_client */;
/*!40101 SET character_set_client = utf8 */;
CREATE TABLE `account_mappings` (
  `mappings_id` int(11) NOT NULL AUTO_INCREMENT,
  `mapping_name` varchar(50) DEFAULT NULL,
  `mapping_kategori` int(11) NOT NULL DEFAULT 0,
  `account_no` varchar(50) NOT NULL DEFAULT '0',
  PRIMARY KEY (`mappings_id`)
) ENGINE=InnoDB AUTO_INCREMENT=86 DEFAULT CHARSET=latin1;
/*!40101 SET character_set_client = @saved_cs_client */;

--
-- Dumping data for table `account_mappings`
--

LOCK TABLES `account_mappings` WRITE;
/*!40000 ALTER TABLE `account_mappings` DISABLE KEYS */;
INSERT INTO `account_mappings` VALUES (73,'persediaan',1,'110401'),(74,'penjualan',2,'400001'),(75,'retur_penjualan',3,'400003'),(76,'diskon_penjualan',4,'400004'),(77,'barang_terkirim',5,'110402'),(78,'beban_pokok_penjualan',6,'5101'),(79,'retur_pembelian',7,'110401'),(80,'beban',8,'600020'),(81,'beban_belum_ditagih',9,'210203'),(82,'equitas_saldo_awal',10,'300001'),(83,'laba_ditahan',11,'300002'),(84,'akun_penyesuaian',13,'300001'),(85,'selisih_biaya_pekerjaan',16,'5101');
/*!40000 ALTER TABLE `account_mappings` ENABLE KEYS */;
UNLOCK TABLES;

--
-- Table structure for table `account_type`
--

DROP TABLE IF EXISTS `account_type`;
/*!40101 SET @saved_cs_client     = @@character_set_client */;
/*!40101 SET character_set_client = utf8 */;
CREATE TABLE `account_type` (
  `accounttype_id` int(11) NOT NULL AUTO_INCREMENT,
  `type_name` varchar(225) DEFAULT NULL,
  PRIMARY KEY (`accounttype_id`)
) ENGINE=InnoDB AUTO_INCREMENT=17 DEFAULT CHARSET=latin1;
/*!40101 SET character_set_client = @saved_cs_client */;

--
-- Dumping data for table `account_type`
--

LOCK TABLES `account_type` WRITE;
/*!40000 ALTER TABLE `account_type` DISABLE KEYS */;
INSERT INTO `account_type` VALUES (1,'Kas & Bank'),(2,'Piutang Usaha'),(3,'Persediaan'),(4,'Asset Lancar Lainnya'),(5,'Asset Tetap'),(6,'Akumulasi Penyusutan'),(7,'Asset Lainnya'),(8,'Hutang Usaha'),(9,'Kewajiban Jangka Pendek'),(10,'Kewajiban Jangka Panjang'),(11,'Modal'),(12,'Pendapatan'),(13,'Beban Pokok Penjualan'),(14,'Beban'),(15,'Beban Lainnya'),(16,'Pendapatan Lainnya');
/*!40000 ALTER TABLE `account_type` ENABLE KEYS */;
UNLOCK TABLES;

--
-- Table structure for table `bank`
--

DROP TABLE IF EXISTS `bank`;
/*!40101 SET @saved_cs_client     = @@character_set_client */;
/*!40101 SET character_set_client = utf8 */;
CREATE TABLE `bank` (
  `bank_id` int(11) NOT NULL AUTO_INCREMENT,
  `bank_name` varchar(225) DEFAULT NULL,
  `currency` varchar(50) DEFAULT NULL,
  `saldo` decimal(15,2) DEFAULT NULL,
  `note` varchar(225) DEFAULT NULL,
  `created_date` timestamp NULL DEFAULT current_timestamp(),
  `created_by` int(11) DEFAULT NULL,
  `updated_date` timestamp NULL DEFAULT current_timestamp() ON UPDATE current_timestamp(),
  `updated_by` int(11) DEFAULT NULL,
  PRIMARY KEY (`bank_id`)
) ENGINE=InnoDB AUTO_INCREMENT=12 DEFAULT CHARSET=latin1;
/*!40101 SET character_set_client = @saved_cs_client */;

--
-- Dumping data for table `bank`
--

LOCK TABLES `bank` WRITE;
/*!40000 ALTER TABLE `bank` DISABLE KEYS */;
INSERT INTO `bank` VALUES (1,'Kas Kecil','IDR',0.00,'testing','2020-02-12 03:40:03',3,'2020-02-12 04:09:02',3),(3,'Kas Besar','IDR',101000000.00,'','2020-02-12 04:09:13',3,'2020-02-16 06:26:54',NULL),(4,'Bank BCA','IDR',0.00,'','2020-02-12 04:09:23',3,'2020-02-18 09:08:30',3),(10,'',NULL,0.00,'','2020-07-29 03:06:42',NULL,'2020-07-29 03:06:42',NULL);
/*!40000 ALTER TABLE `bank` ENABLE KEYS */;
UNLOCK TABLES;

--
-- Table structure for table `bankrecept`
--

DROP TABLE IF EXISTS `bankrecept`;
/*!40101 SET @saved_cs_client     = @@character_set_client */;
/*!40101 SET character_set_client = utf8 */;
CREATE TABLE `bankrecept` (
  `recept_id` int(11) NOT NULL AUTO_INCREMENT,
  `recept_code` varchar(50) DEFAULT NULL,
  `bank_id` int(11) DEFAULT NULL,
  `recept_name` varchar(225) DEFAULT NULL,
  `recept_date` date DEFAULT NULL,
  `amount` decimal(10,0) DEFAULT NULL,
  `note` varchar(50) DEFAULT NULL,
  `created_date` timestamp NULL DEFAULT current_timestamp(),
  `created_by` int(11) DEFAULT NULL,
  `updated_date` timestamp NULL DEFAULT current_timestamp() ON UPDATE current_timestamp(),
  `updated_by` int(11) DEFAULT NULL,
  PRIMARY KEY (`recept_id`),
  KEY `Index 2` (`recept_code`),
  KEY `FK_bankrecept_bank` (`bank_id`),
  CONSTRAINT `FK_bankrecept_bank` FOREIGN KEY (`bank_id`) REFERENCES `bank` (`bank_id`)
) ENGINE=InnoDB AUTO_INCREMENT=3 DEFAULT CHARSET=latin1;
/*!40101 SET character_set_client = @saved_cs_client */;

--
-- Dumping data for table `bankrecept`
--

LOCK TABLES `bankrecept` WRITE;
/*!40000 ALTER TABLE `bankrecept` DISABLE KEYS */;
INSERT INTO `bankrecept` VALUES (2,'2020020006',3,'Investor Asepso','2020-02-15',101000000,'testing','2020-02-16 06:24:25',3,'2020-02-16 06:26:54',NULL);
/*!40000 ALTER TABLE `bankrecept` ENABLE KEYS */;
UNLOCK TABLES;

--
-- Table structure for table `bankrecept_dtl`
--

DROP TABLE IF EXISTS `bankrecept_dtl`;
/*!40101 SET @saved_cs_client     = @@character_set_client */;
/*!40101 SET character_set_client = utf8 */;
CREATE TABLE `bankrecept_dtl` (
  `bankreceptdtl_id` int(11) NOT NULL AUTO_INCREMENT,
  `recept_code` varchar(50) DEFAULT NULL,
  `pengirim` varchar(225) DEFAULT NULL,
  `mode_pengiriman` varchar(50) DEFAULT NULL,
  `amount` decimal(15,2) DEFAULT NULL,
  `note` varchar(225) DEFAULT NULL,
  PRIMARY KEY (`bankreceptdtl_id`),
  KEY `FK_bankrecept_dtl_bankrecept` (`recept_code`),
  CONSTRAINT `FK_bankrecept_dtl_bankrecept` FOREIGN KEY (`recept_code`) REFERENCES `bankrecept` (`recept_code`)
) ENGINE=InnoDB AUTO_INCREMENT=13 DEFAULT CHARSET=latin1;
/*!40101 SET character_set_client = @saved_cs_client */;

--
-- Dumping data for table `bankrecept_dtl`
--

LOCK TABLES `bankrecept_dtl` WRITE;
/*!40000 ALTER TABLE `bankrecept_dtl` DISABLE KEYS */;
INSERT INTO `bankrecept_dtl` VALUES (11,'2020020006','Asep K','Tunai',2000000.00,'langsung'),(12,'2020020006','Muslim','Transfer',99000000.00,'dari rek 123456');
/*!40000 ALTER TABLE `bankrecept_dtl` ENABLE KEYS */;
UNLOCK TABLES;

--
-- Table structure for table `city`
--

DROP TABLE IF EXISTS `city`;
/*!40101 SET @saved_cs_client     = @@character_set_client */;
/*!40101 SET character_set_client = utf8 */;
CREATE TABLE `city` (
  `city_id` int(11) NOT NULL AUTO_INCREMENT,
  `city_name` varchar(255) COLLATE utf8_unicode_ci DEFAULT NULL,
  `province_id` int(11) DEFAULT NULL,
  `note` varchar(255) COLLATE utf8_unicode_ci DEFAULT NULL,
  PRIMARY KEY (`city_id`),
  KEY `FK_simcity_simprovinces` (`province_id`),
  CONSTRAINT `FK_simcity_simprovinces` FOREIGN KEY (`province_id`) REFERENCES `simprovinces` (`province_id`)
) ENGINE=InnoDB AUTO_INCREMENT=9472 DEFAULT CHARSET=utf8 COLLATE=utf8_unicode_ci;
/*!40101 SET character_set_client = @saved_cs_client */;

--
-- Dumping data for table `city`
--

LOCK TABLES `city` WRITE;
/*!40000 ALTER TABLE `city` DISABLE KEYS */;
INSERT INTO `city` VALUES (0,'OTHER',0,'null'),(1101,'KABUPATEN EULUE',11,''),(1102,'KABUPATEN ACEH SINGKIL',11,''),(1103,'KABUPATEN ACEH SELATAN',11,''),(1104,'KABUPATEN ACEH TENGGARA',11,''),(1105,'KABUPATEN ACEH TIMUR',11,''),(1106,'KABUPATEN ACEH TENGAH',11,''),(1107,'KABUPATEN ACEH BARAT',11,''),(1108,'KABUPATEN ACEH BESAR',11,''),(1109,'KABUPATEN PIDIE',11,''),(1110,'KABUPATEN BIREUEN',11,''),(1111,'KABUPATEN ACEH UTARA',11,''),(1112,'KABUPATEN ACEH BARAT DAYA',11,''),(1113,'KABUPATEN GAYO LUES',11,''),(1114,'KABUPATEN ACEH TAMIANG',11,''),(1115,'KABUPATEN NAGAN RAYA',11,''),(1116,'KABUPATEN ACEH JAYA',11,''),(1117,'KABUPATEN BENER MERIAH',11,''),(1118,'KABUPATEN PIDIE JAYA',11,''),(1171,'KOTA BANDA ACEH',11,''),(1172,'KOTA SABANG',11,''),(1173,'KOTA LANGSA',11,''),(1174,'KOTA LHOKSEUMAWE',11,''),(1175,'KOTA SUBULUSSALAM',11,''),(1201,'KABUPATEN NIAS',12,''),(1202,'KABUPATEN MANDAILING NATAL',12,''),(1203,'KABUPATEN TAPANULI SELATAN',12,''),(1204,'KABUPATEN TAPANULI TENGAH',12,''),(1205,'KABUPATEN TAPANULI UTARA',12,''),(1206,'KABUPATEN TOBA SAMOSIR',12,''),(1207,'KABUPATEN LABUHAN BATU',12,''),(1208,'KABUPATEN ASAHAN',12,''),(1209,'KABUPATEN ALUNGUN',12,''),(1210,'KABUPATEN DAIRI',12,''),(1211,'KABUPATEN KARO',12,''),(1212,'KABUPATEN DELI SERDANG',12,''),(1213,'KABUPATEN LANGKAT',12,''),(1214,'KABUPATEN NIAS SELATAN',12,''),(1215,'KABUPATEN HUMBANG HASUNDUTAN',12,''),(1216,'KABUPATEN PAKPAK BHARAT',12,''),(1217,'KABUPATEN SAMOSIR',12,''),(1218,'KABUPATEN SERDANG BEDAGAI',12,''),(1219,'KABUPATEN BATU BARA',12,''),(1220,'KABUPATEN PADANG LAWAS UTARA',12,''),(1221,'KABUPATEN PADANG LAWAS',12,''),(1222,'KABUPATEN LABUHAN BATU SELATAN',12,''),(1223,'KABUPATEN LABUHAN BATU UTARA',12,''),(1224,'KABUPATEN NIAS UTARA',12,''),(1225,'KABUPATEN NIAS BARAT',12,''),(1271,'KOTA SIBOLGA',12,''),(1272,'KOTA TANJUNG BALAI',12,''),(1273,'KOTA PEMATANG SIANTAR',12,''),(1274,'KOTA TEBING TINGGI',12,''),(1275,'KOTA MEDAN',12,''),(1276,'KOTA BINJAI',12,''),(1277,'KOTA PADANGSIDIMPUAN',12,''),(1278,'KOTA GUNUNGSITOLI',12,''),(1301,'KABUPATEN KEPULAUAN MENTAWAI',13,''),(1302,'KABUPATEN PESISIR SELATAN',13,''),(1303,'KABUPATEN SOLOK',13,''),(1304,'KABUPATEN SIJUNJUNG',13,''),(1305,'KABUPATEN TANAH DATAR',13,''),(1306,'KABUPATEN PADANG PARIAMAN',13,''),(1307,'KABUPATEN AGAM',13,''),(1308,'KABUPATEN LIMA PULUH KOTA',13,''),(1309,'KABUPATEN PASAMAN',13,''),(1310,'KABUPATEN SOLOK SELATAN',13,''),(1311,'KABUPATEN DHARMASRAYA',13,''),(1312,'KABUPATEN PASAMAN BARAT',13,''),(1371,'KOTA PADANG',13,''),(1372,'KOTA SOLOK',13,''),(1373,'KOTA SAWAH LUNTO',13,''),(1374,'KOTA PADANG PANJANG',13,''),(1375,'KOTA BUKITTINGGI',13,''),(1376,'KOTA PAYAKUMBUH',13,''),(1377,'KOTA PARIAMAN',13,''),(1401,'KABUPATEN KUANTAN SINGINGI',14,''),(1402,'KABUPATEN INDRAGIRI HULU',14,''),(1403,'KABUPATEN INDRAGIRI HILIR',14,''),(1404,'KABUPATEN PELALAWAN',14,''),(1405,'KABUPATEN S I A K',14,''),(1406,'KABUPATEN KAMPAR',14,''),(1407,'KABUPATEN ROKAN HULU',14,''),(1408,'KABUPATEN BENGKALIS',14,''),(1409,'KABUPATEN ROKAN HILIR',14,''),(1410,'KABUPATEN KEPULAUAN MERANTI',14,''),(1471,'KOTA PEKANBARU',14,''),(1473,'KOTA D U M A I',14,''),(1501,'KABUPATEN KERINCI',15,''),(1502,'KABUPATEN MERANGIN',15,''),(1503,'KABUPATEN SAROLANGUN',15,''),(1504,'KABUPATEN BATANG HARI',15,''),(1505,'KABUPATEN MUARO JAMBI',15,''),(1506,'KABUPATEN TANJUNG JABUNG TIMUR',15,''),(1507,'KABUPATEN TANJUNG JABUNG BARAT',15,''),(1508,'KABUPATEN TEBO',15,''),(1509,'KABUPATEN BUNGO',15,''),(1571,'KOTA JAMBI',15,''),(1572,'KOTA SUNGAI PENUH',15,''),(1601,'KABUPATEN OGAN KOMERING ULU',16,''),(1602,'KABUPATEN OGAN KOMERING ILIR',16,''),(1603,'KABUPATEN MUARA ENIM',16,''),(1604,'KABUPATEN LAHAT',16,''),(1605,'KABUPATEN MUSI RAWAS',16,''),(1606,'KABUPATEN MUSI BANYUASIN',16,''),(1607,'KABUPATEN BANYU ASIN',16,''),(1608,'KABUPATEN OGAN KOMERING ULU SELATAN',16,''),(1609,'KABUPATEN OGAN KOMERING ULU TIMUR',16,''),(1610,'KABUPATEN OGAN ILIR',16,''),(1611,'KABUPATEN EMPAT LAWANG',16,''),(1612,'KABUPATEN PENUKAL ABAB LEMATANG ILIR',16,''),(1613,'KABUPATEN MUSI RAWAS UTARA',16,''),(1671,'KOTA PALEMBANG',16,''),(1672,'KOTA PRABUMULIH',16,''),(1673,'KOTA PAGAR ALAM',16,''),(1674,'KOTA LUBUKLINGGAU',16,''),(1701,'KABUPATEN BENGKULU SELATAN',17,''),(1702,'KABUPATEN REJANG LEBONG',17,''),(1703,'KABUPATEN BENGKULU UTARA',17,''),(1704,'KABUPATEN KAUR',17,''),(1705,'KABUPATEN SELUMA',17,''),(1706,'KABUPATEN MUKOMUKO',17,''),(1707,'KABUPATEN LEBONG',17,''),(1708,'KABUPATEN KEPAHIANG',17,''),(1709,'KABUPATEN BENGKULU TENGAH',17,''),(1771,'KOTA BENGKULU',17,''),(1801,'KABUPATEN LAMPUNG BARAT',18,''),(1802,'KABUPATEN TANGGAMUS',18,''),(1803,'KABUPATEN LAMPUNG SELATAN',18,''),(1804,'KABUPATEN LAMPUNG TIMUR',18,''),(1805,'KABUPATEN LAMPUNG TENGAH',18,''),(1806,'KABUPATEN LAMPUNG UTARA',18,''),(1807,'KABUPATEN WAY KANAN',18,''),(1808,'KABUPATEN TULANGBAWANG',18,''),(1809,'KABUPATEN PESAWARAN',18,''),(1810,'KABUPATEN PRINGSEWU',18,''),(1811,'KABUPATEN MESUJI',18,''),(1812,'KABUPATEN TULANG BAWANG BARAT',18,''),(1813,'KABUPATEN PESISIR BARAT',18,''),(1871,'KOTA BANDAR LAMPUNG',18,''),(1872,'KOTA METRO',18,''),(1901,'KABUPATEN BANGKA',19,''),(1902,'KABUPATEN BELITUNG',19,''),(1903,'KABUPATEN BANGKA BARAT',19,''),(1904,'KABUPATEN BANGKA TENGAH',19,''),(1905,'KABUPATEN BANGKA SELATAN',19,''),(1906,'KABUPATEN BELITUNG TIMUR',19,''),(1971,'KOTA PANGKAL PINANG',19,''),(2101,'KABUPATEN KARIMUN',21,''),(2102,'KABUPATEN BINTAN',21,''),(2103,'KABUPATEN NATUNA',21,''),(2104,'KABUPATEN LINGGA',21,''),(2105,'KABUPATEN KEPULAUAN ANAMBAS',21,''),(2171,'KOTA B A T A M',21,''),(2172,'KOTA TANJUNG PINANG',21,''),(3101,'KABUPATEN KEPULAUAN SERIBU',31,''),(3171,'KOTA JAKARTA SELATAN',31,''),(3172,'KOTA JAKARTA TIMUR',31,''),(3173,'KOTA JAKARTA PUSAT',31,''),(3174,'KOTA JAKARTA BARAT',31,''),(3175,'KOTA JAKARTA UTARA',31,''),(3201,'KABUPATEN BOGOR',32,''),(3202,'KABUPATEN SUKABUMI',32,''),(3203,'KABUPATEN CIANJUR',32,''),(3204,'KABUPATEN BANDUNG',32,''),(3205,'KABUPATEN GARUT',32,''),(3206,'KABUPATEN TASIKMALAYA',32,''),(3207,'KABUPATEN CIAMIS',32,''),(3208,'KABUPATEN KUNINGAN',32,''),(3209,'KABUPATEN CIREBON',32,''),(3210,'KABUPATEN MAJALENGKA',32,''),(3211,'KABUPATEN SUMEDANG',32,''),(3212,'KABUPATEN INDRAMAYU',32,''),(3213,'KABUPATEN SUBANG',32,''),(3214,'KABUPATEN PURWAKARTA',32,''),(3215,'KABUPATEN KARAWANG',32,''),(3216,'KABUPATEN BEKASI',32,''),(3217,'KABUPATEN BANDUNG BARAT',32,''),(3218,'KABUPATEN PANGANDARAN',32,''),(3271,'KOTA BOGOR',32,''),(3272,'KOTA SUKABUMI',32,''),(3273,'KOTA BANDUNG',32,''),(3274,'KOTA CIREBON',32,''),(3275,'KOTA BEKASI',32,''),(3276,'KOTA DEPOK',32,''),(3277,'KOTA CIMAHI',32,''),(3278,'KOTA TASIKMALAYA',32,''),(3279,'KOTA BANJAR',32,''),(3301,'KABUPATEN CILACAP',33,''),(3302,'KABUPATEN BANYUMAS',33,''),(3303,'KABUPATEN PURBALINGGA',33,''),(3304,'KABUPATEN BANJARNEGARA',33,''),(3305,'KABUPATEN KEBUMEN',33,''),(3306,'KABUPATEN PURWOREJO',33,''),(3307,'KABUPATEN WONOSOBO',33,''),(3308,'KABUPATEN MAGELANG',33,''),(3309,'KABUPATEN BOYOLALI',33,''),(3310,'KABUPATEN KLATEN',33,''),(3311,'KABUPATEN SUKOHARJO',33,''),(3312,'KABUPATEN WONOGIRI',33,''),(3313,'KABUPATEN KARANGANYAR',33,''),(3314,'KABUPATEN SRAGEN',33,''),(3315,'KABUPATEN GROBOGAN',33,''),(3316,'KABUPATEN BLORA',33,''),(3317,'KABUPATEN REMBANG',33,''),(3318,'KABUPATEN PATI',33,''),(3319,'KABUPATEN KUDUS',33,''),(3320,'KABUPATEN JEPARA',33,''),(3321,'KABUPATEN DEMAK',33,''),(3322,'KABUPATEN SEMARANG',33,''),(3323,'KABUPATEN TEMANGGUNG',33,''),(3324,'KABUPATEN KENDAL',33,''),(3325,'KABUPATEN BATANG',33,''),(3326,'KABUPATEN PEKALONGAN',33,''),(3327,'KABUPATEN PEMALANG',33,''),(3328,'KABUPATEN TEGAL',33,''),(3329,'KABUPATEN BREBES',33,''),(3371,'KOTA MAGELANG',33,''),(3372,'KOTA SURAKARTA',33,''),(3373,'KOTA SALATIGA',33,''),(3374,'KOTA SEMARANG',33,''),(3375,'KOTA PEKALONGAN',33,''),(3376,'KOTA TEGAL',33,''),(3401,'KABUPATEN KULON PROGO',34,''),(3402,'KABUPATEN BANTUL',34,''),(3403,'KABUPATEN GUNUNG KIDUL',34,''),(3404,'KABUPATEN SLEMAN',34,''),(3471,'KOTA YOGYAKARTA',34,''),(3501,'KABUPATEN PACITAN',35,''),(3502,'KABUPATEN PONOROGO',35,''),(3503,'KABUPATEN TRENGGALEK',35,''),(3504,'KABUPATEN TULUNGAGUNG',35,''),(3505,'KABUPATEN BLITAR',35,''),(3506,'KABUPATEN KEDIRI',35,''),(3507,'KABUPATEN MALANG',35,''),(3508,'KABUPATEN LUMAJANG',35,''),(3509,'KABUPATEN JEMBER',35,''),(3510,'KABUPATEN BANYUWANGI',35,''),(3511,'KABUPATEN BONDOWOSO',35,''),(3512,'KABUPATEN SITUBONDO',35,''),(3513,'KABUPATEN PROBOLINGGO',35,''),(3514,'KABUPATEN PASURUAN',35,''),(3515,'KABUPATEN SIDOARJO',35,''),(3516,'KABUPATEN MOJOKERTO',35,''),(3517,'KABUPATEN JOMBANG',35,''),(3518,'KABUPATEN NGANJUK',35,''),(3519,'KABUPATEN MADIUN',35,''),(3520,'KABUPATEN MAGETAN',35,''),(3521,'KABUPATEN NGAWI',35,''),(3522,'KABUPATEN BOJONEGORO',35,''),(3523,'KABUPATEN TUBAN',35,''),(3524,'KABUPATEN LAMONGAN',35,''),(3525,'KABUPATEN GRESIK',35,''),(3526,'KABUPATEN BANGKALAN',35,''),(3527,'KABUPATEN SAMPANG',35,''),(3528,'KABUPATEN PAMEKASAN',35,''),(3529,'KABUPATEN SUMENEP',35,''),(3571,'KOTA KEDIRI',35,''),(3572,'KOTA BLITAR',35,''),(3573,'KOTA MALANG',35,''),(3574,'KOTA PROBOLINGGO',35,''),(3575,'KOTA PASURUAN',35,''),(3576,'KOTA MOJOKERTO',35,''),(3577,'KOTA MADIUN',35,''),(3578,'KOTA SURABAYA',35,''),(3579,'KOTA BATU',35,''),(3601,'KABUPATEN PANDEGLANG',36,''),(3602,'KABUPATEN LEBAK',36,''),(3603,'KABUPATEN TANGERANG',36,''),(3604,'KABUPATEN SERANG',36,''),(3671,'KOTA TANGERANG',36,''),(3672,'KOTA CILEGON',36,''),(3673,'KOTA SERANG',36,''),(3674,'KOTA TANGERANG SELATAN',36,''),(5101,'KABUPATEN JEMBRANA',51,''),(5102,'KABUPATEN TABANAN',51,''),(5103,'KABUPATEN BADUNG',51,''),(5104,'KABUPATEN GIANYAR',51,''),(5105,'KABUPATEN KLUNGKUNG',51,''),(5106,'KABUPATEN BANGLI',51,''),(5107,'KABUPATEN KARANG ASEM',51,''),(5108,'KABUPATEN BULELENG',51,''),(5171,'KOTA DENPASAR',51,''),(5201,'KABUPATEN LOMBOK BARAT',52,''),(5202,'KABUPATEN LOMBOK TENGAH',52,''),(5203,'KABUPATEN LOMBOK TIMUR',52,''),(5204,'KABUPATEN SUMBAWA',52,''),(5205,'KABUPATEN DOMPU',52,''),(5206,'KABUPATEN BIMA',52,''),(5207,'KABUPATEN SUMBAWA BARAT',52,''),(5208,'KABUPATEN LOMBOK UTARA',52,''),(5271,'KOTA MATARAM',52,''),(5272,'KOTA BIMA',52,''),(5301,'KABUPATEN SUMBA BARAT',53,''),(5302,'KABUPATEN SUMBA TIMUR',53,''),(5303,'KABUPATEN KUPANG',53,''),(5304,'KABUPATEN TIMOR TENGAH SELATAN',53,''),(5305,'KABUPATEN TIMOR TENGAH UTARA',53,''),(5306,'KABUPATEN BELU',53,''),(5307,'KABUPATEN ALOR',53,''),(5308,'KABUPATEN LEMBATA',53,''),(5309,'KABUPATEN FLORES TIMUR',53,''),(5310,'KABUPATEN SIKKA',53,''),(5311,'KABUPATEN ENDE',53,''),(5312,'KABUPATEN NGADA',53,''),(5313,'KABUPATEN MANGGARAI',53,''),(5314,'KABUPATEN ROTE NDAO',53,''),(5315,'KABUPATEN MANGGARAI BARAT',53,''),(5316,'KABUPATEN SUMBA TENGAH',53,''),(5317,'KABUPATEN SUMBA BARAT DAYA',53,''),(5318,'KABUPATEN NAGEKEO',53,''),(5319,'KABUPATEN MANGGARAI TIMUR',53,''),(5320,'KABUPATEN SABU RAIJUA',53,''),(5321,'KABUPATEN MALAKA',53,''),(5371,'KOTA KUPANG',53,''),(6101,'KABUPATEN SAMBAS',61,''),(6102,'KABUPATEN BENGKAYANG',61,''),(6103,'KABUPATEN LANDAK',61,''),(6104,'KABUPATEN MEMPAWAH',61,''),(6105,'KABUPATEN SANGGAU',61,''),(6106,'KABUPATEN KETAPANG',61,''),(6107,'KABUPATEN SINTANG',61,''),(6108,'KABUPATEN KAPUAS HULU',61,''),(6109,'KABUPATEN SEKADAU',61,''),(6110,'KABUPATEN MELAWI',61,''),(6111,'KABUPATEN KAYONG UTARA',61,''),(6112,'KABUPATEN KUBU RAYA',61,''),(6171,'KOTA PONTIANAK',61,''),(6172,'KOTA SINGKAWANG',61,''),(6201,'KABUPATEN KOTAWARINGIN BARAT',62,''),(6202,'KABUPATEN KOTAWARINGIN TIMUR',62,''),(6203,'KABUPATEN KAPUAS',62,''),(6204,'KABUPATEN BARITO SELATAN',62,''),(6205,'KABUPATEN BARITO UTARA',62,''),(6206,'KABUPATEN SUKAMARA',62,''),(6207,'KABUPATEN LAMANDAU',62,''),(6208,'KABUPATEN SERUYAN',62,''),(6209,'KABUPATEN KATINGAN',62,''),(6210,'KABUPATEN PULANG PISAU',62,''),(6211,'KABUPATEN GUNUNG MAS',62,''),(6212,'KABUPATEN BARITO TIMUR',62,''),(6213,'KABUPATEN MURUNG RAYA',62,''),(6271,'KOTA PALANGKA RAYA',62,''),(6301,'KABUPATEN TANAH LAUT',63,''),(6302,'KABUPATEN KOTA BARU',63,''),(6303,'KABUPATEN BANJAR',63,''),(6304,'KABUPATEN BARITO KUALA',63,''),(6305,'KABUPATEN TAPIN',63,''),(6306,'KABUPATEN HULU SUNGAI SELATAN',63,''),(6307,'KABUPATEN HULU SUNGAI TENGAH',63,''),(6308,'KABUPATEN HULU SUNGAI UTARA',63,''),(6309,'KABUPATEN TABALONG',63,''),(6310,'KABUPATEN TANAH BUMBU',63,''),(6311,'KABUPATEN BALANGAN',63,''),(6371,'KOTA BANJARMASIN',63,''),(6372,'KOTA BANJAR BARU',63,''),(6401,'KABUPATEN PASER',64,''),(6402,'KABUPATEN KUTAI BARAT',64,''),(6403,'KABUPATEN KUTAI KARTANEGARA',64,''),(6404,'KABUPATEN KUTAI TIMUR',64,''),(6405,'KABUPATEN BERAU',64,''),(6409,'KABUPATEN PENAJAM PASER UTARA',64,''),(6411,'KABUPATEN MAHAKAM HULU',64,''),(6471,'KOTA BALIKPAPAN',64,''),(6472,'KOTA SAMARINDA',64,''),(6474,'KOTA BONTANG',64,''),(6501,'KABUPATEN MALINAU',65,''),(6502,'KABUPATEN BULUNGAN',65,''),(6503,'KABUPATEN TANA TIDUNG',65,''),(6504,'KABUPATEN NUNUKAN',65,''),(6571,'KOTA TARAKAN',65,''),(7101,'KABUPATEN BOLAANG MONGONDOW',71,''),(7102,'KABUPATEN MINAHASA',71,''),(7103,'KABUPATEN KEPULAUAN SANGIHE',71,''),(7104,'KABUPATEN KEPULAUAN TALAUD',71,''),(7105,'KABUPATEN MINAHASA SELATAN',71,''),(7106,'KABUPATEN MINAHASA UTARA',71,''),(7107,'KABUPATEN BOLAANG MONGONDOW UTARA',71,''),(7108,'KABUPATEN SIAU TAGULANDANG BIARO',71,''),(7109,'KABUPATEN MINAHASA TENGGARA',71,''),(7110,'KABUPATEN BOLAANG MONGONDOW SELATAN',71,''),(7111,'KABUPATEN BOLAANG MONGONDOW TIMUR',71,''),(7171,'KOTA MANADO',71,''),(7172,'KOTA BITUNG',71,''),(7173,'KOTA TOMOHON',71,''),(7174,'KOTA KOTAMOBAGU',71,''),(7201,'KABUPATEN BANGGAI KEPULAUAN',72,''),(7202,'KABUPATEN BANGGAI',72,''),(7203,'KABUPATEN MOROWALI',72,''),(7204,'KABUPATEN POSO',72,''),(7205,'KABUPATEN DONGGALA',72,''),(7206,'KABUPATEN TOLI-TOLI',72,''),(7207,'KABUPATEN BUOL',72,''),(7208,'KABUPATEN PARIGI MOUTONG',72,''),(7209,'KABUPATEN TOJO UNA-UNA',72,''),(7210,'KABUPATEN SIGI',72,''),(7211,'KABUPATEN BANGGAI LAUT',72,''),(7212,'KABUPATEN MOROWALI UTARA',72,''),(7271,'KOTA PALU',72,''),(7301,'KABUPATEN KEPULAUAN SELAYAR',73,''),(7302,'KABUPATEN BULUKUMBA',73,''),(7303,'KABUPATEN BANTAENG',73,''),(7304,'KABUPATEN JENEPONTO',73,''),(7305,'KABUPATEN TAKALAR',73,''),(7306,'KABUPATEN GOWA',73,''),(7307,'KABUPATEN SINJAI',73,''),(7308,'KABUPATEN MAROS',73,''),(7309,'KABUPATEN PANGKAJENE DAN KEPULAUAN',73,''),(7310,'KABUPATEN BARRU',73,''),(7311,'KABUPATEN BONE',73,''),(7312,'KABUPATEN SOPPENG',73,''),(7313,'KABUPATEN WAJO',73,''),(7314,'KABUPATEN SIDENRENG RAPPANG',73,''),(7315,'KABUPATEN PINRANG',73,''),(7316,'KABUPATEN ENREKANG',73,''),(7317,'KABUPATEN LUWU',73,''),(7318,'KABUPATEN TANA TORAJA',73,''),(7322,'KABUPATEN LUWU UTARA',73,''),(7325,'KABUPATEN LUWU TIMUR',73,''),(7326,'KABUPATEN TORAJA UTARA',73,''),(7371,'KOTA MAKASSAR',73,''),(7372,'KOTA PAREPARE',73,''),(7373,'KOTA PALOPO',73,''),(7401,'KABUPATEN BUTON',74,''),(7402,'KABUPATEN MUNA',74,''),(7403,'KABUPATEN KONAWE',74,''),(7404,'KABUPATEN KOLAKA',74,''),(7405,'KABUPATEN KONAWE SELATAN',74,''),(7406,'KABUPATEN BOMBANA',74,''),(7407,'KABUPATEN WAKATOBI',74,''),(7408,'KABUPATEN KOLAKA UTARA',74,''),(7409,'KABUPATEN BUTON UTARA',74,''),(7410,'KABUPATEN KONAWE UTARA',74,''),(7411,'KABUPATEN KOLAKA TIMUR',74,''),(7412,'KABUPATEN KONAWE KEPULAUAN',74,''),(7413,'KABUPATEN MUNA BARAT',74,''),(7414,'KABUPATEN BUTON TENGAH',74,''),(7415,'KABUPATEN BUTON SELATAN',74,''),(7471,'KOTA KENDARI',74,''),(7472,'KOTA BAUBAU',74,''),(7501,'KABUPATEN BOALEMO',75,''),(7502,'KABUPATEN GORONTALO',75,''),(7503,'KABUPATEN POHUWATO',75,''),(7504,'KABUPATEN BONE BOLANGO',75,''),(7505,'KABUPATEN GORONTALO UTARA',75,''),(7571,'KOTA GORONTALO',75,''),(7601,'KABUPATEN MAJENE',76,''),(7602,'KABUPATEN POLEWALI MANDAR',76,''),(7603,'KABUPATEN MAMASA',76,''),(7604,'KABUPATEN MAMUJU',76,''),(7605,'KABUPATEN MAMUJU UTARA',76,''),(7606,'KABUPATEN MAMUJU TENGAH',76,''),(8101,'KABUPATEN MALUKU TENGGARA BARAT',81,''),(8102,'KABUPATEN MALUKU TENGGARA',81,''),(8103,'KABUPATEN MALUKU TENGAH',81,''),(8104,'KABUPATEN BURU',81,''),(8105,'KABUPATEN KEPULAUAN ARU',81,''),(8106,'KABUPATEN SERAM BAGIAN BARAT',81,''),(8107,'KABUPATEN SERAM BAGIAN TIMUR',81,''),(8108,'KABUPATEN MALUKU BARAT DAYA',81,''),(8109,'KABUPATEN BURU SELATAN',81,''),(8171,'KOTA AMBON',81,''),(8172,'KOTA TUAL',81,''),(8201,'KABUPATEN HALMAHERA BARAT',82,''),(8202,'KABUPATEN HALMAHERA TENGAH',82,''),(8203,'KABUPATEN KEPULAUAN SULA',82,''),(8204,'KABUPATEN HALMAHERA SELATAN',82,''),(8205,'KABUPATEN HALMAHERA UTARA',82,''),(8206,'KABUPATEN HALMAHERA TIMUR',82,''),(8207,'KABUPATEN PULAU MOROTAI',82,''),(8208,'KABUPATEN PULAU TALIABU',82,''),(8271,'KOTA TERNATE',82,''),(8272,'KOTA TIDORE KEPULAUAN',82,''),(9101,'KABUPATEN FAKFAK',91,''),(9102,'KABUPATEN KAIMANA',91,''),(9103,'KABUPATEN TELUK WONDAMA',91,''),(9104,'KABUPATEN TELUK BINTUNI',91,''),(9105,'KABUPATEN MANOKWARI',91,''),(9106,'KABUPATEN SORONG SELATAN',91,''),(9107,'KABUPATEN SORONG',91,''),(9108,'KABUPATEN RAJA AMPAT',91,''),(9109,'KABUPATEN TAMBRAUW',91,''),(9110,'KABUPATEN MAYBRAT',91,''),(9111,'KABUPATEN MANOKWARI SELATAN',91,''),(9112,'KABUPATEN PEGUNUNGAN ARFAK',91,''),(9171,'KOTA SORONG',91,''),(9401,'KABUPATEN MERAUKE',94,''),(9402,'KABUPATEN JAYAWIJAYA',94,''),(9403,'KABUPATEN JAYAPURA',94,''),(9404,'KABUPATEN NABIRE',94,''),(9408,'KABUPATEN KEPULAUAN YAPEN',94,''),(9409,'KABUPATEN BIAK NUMFOR',94,''),(9410,'KABUPATEN PANIAI',94,''),(9411,'KABUPATEN PUNCAK JAYA',94,''),(9412,'KABUPATEN MIMIKA',94,''),(9413,'KABUPATEN BOVEN DIGOEL',94,''),(9414,'KABUPATEN MAPPI',94,''),(9415,'KABUPATEN ASMAT',94,''),(9416,'KABUPATEN YAHUKIMO',94,''),(9417,'KABUPATEN PEGUNUNGAN BINTANG',94,''),(9418,'KABUPATEN TOLIKARA',94,''),(9419,'KABUPATEN SARMI',94,''),(9420,'KABUPATEN KEEROM',94,''),(9426,'KABUPATEN WAROPEN',94,''),(9427,'KABUPATEN SUPIORI',94,''),(9428,'KABUPATEN MAMBERAMO RAYA',94,''),(9429,'KABUPATEN NDUGA',94,''),(9430,'KABUPATEN LANNY JAYA',94,''),(9431,'KABUPATEN MAMBERAMO TENGAH',94,''),(9432,'KABUPATEN YALIMO',94,''),(9433,'KABUPATEN PUNCAK',94,''),(9434,'KABUPATEN DOGIYAI',94,''),(9435,'KABUPATEN INTAN JAYA',94,''),(9436,'KABUPATEN DEIYAI',94,''),(9471,'KOTA JAYAPURA',94,'');
/*!40000 ALTER TABLE `city` ENABLE KEYS */;
UNLOCK TABLES;

--
-- Table structure for table `company`
--

DROP TABLE IF EXISTS `company`;
/*!40101 SET @saved_cs_client     = @@character_set_client */;
/*!40101 SET character_set_client = utf8 */;
CREATE TABLE `company` (
  `company_id` int(11) NOT NULL AUTO_INCREMENT,
  `logo` varchar(100) NOT NULL,
  `company_code` varchar(100) NOT NULL,
  `company_name` varchar(225) NOT NULL,
  `company_type` varchar(100) NOT NULL,
  `telepon` varchar(15) NOT NULL,
  `fax` varchar(15) NOT NULL,
  `address` varchar(225) NOT NULL,
  `country` varchar(100) NOT NULL,
  `province` varchar(100) NOT NULL,
  `zipcode` varchar(15) NOT NULL,
  `owner` varchar(100) NOT NULL,
  `email` varchar(100) NOT NULL,
  `visi` varchar(225) NOT NULL,
  `missi` varchar(225) NOT NULL,
  PRIMARY KEY (`company_id`)
) ENGINE=InnoDB AUTO_INCREMENT=16 DEFAULT CHARSET=latin1;
/*!40101 SET character_set_client = @saved_cs_client */;

--
-- Dumping data for table `company`
--

LOCK TABLES `company` WRITE;
/*!40000 ALTER TABLE `company` DISABLE KEYS */;
INSERT INTO `company` VALUES (1,'file_186475.png','GKA','Gemilang Karya Agri','','12345678','','ciledug','Indonesia','Tanggerang','','','','','');
/*!40000 ALTER TABLE `company` ENABLE KEYS */;
UNLOCK TABLES;

--
-- Table structure for table `country`
--

DROP TABLE IF EXISTS `country`;
/*!40101 SET @saved_cs_client     = @@character_set_client */;
/*!40101 SET character_set_client = utf8 */;
CREATE TABLE `country` (
  `country_id` int(11) NOT NULL AUTO_INCREMENT,
  `country_code` varchar(50) DEFAULT NULL,
  `country_name` varchar(200) DEFAULT NULL,
  `note` varchar(500) DEFAULT NULL,
  PRIMARY KEY (`country_id`)
) ENGINE=InnoDB AUTO_INCREMENT=6 DEFAULT CHARSET=latin1;
/*!40101 SET character_set_client = @saved_cs_client */;

--
-- Dumping data for table `country`
--

LOCK TABLES `country` WRITE;
/*!40000 ALTER TABLE `country` DISABLE KEYS */;
INSERT INTO `country` VALUES (0,'Negara','Negara',NULL),(1,'IDN','Indonesia',NULL),(2,'JPY','Japan',NULL),(3,'GR','German',NULL),(4,'FR','Francis',NULL),(5,'KRA','Korea',NULL);
/*!40000 ALTER TABLE `country` ENABLE KEYS */;
UNLOCK TABLES;

--
-- Table structure for table `currency`
--

DROP TABLE IF EXISTS `currency`;
/*!40101 SET @saved_cs_client     = @@character_set_client */;
/*!40101 SET character_set_client = utf8 */;
CREATE TABLE `currency` (
  `currency_id` int(11) NOT NULL AUTO_INCREMENT,
  `currency_code` varchar(50) DEFAULT NULL,
  `currency_name` varchar(50) DEFAULT NULL,
  PRIMARY KEY (`currency_id`)
) ENGINE=InnoDB AUTO_INCREMENT=7 DEFAULT CHARSET=latin1;
/*!40101 SET character_set_client = @saved_cs_client */;

--
-- Dumping data for table `currency`
--

LOCK TABLES `currency` WRITE;
/*!40000 ALTER TABLE `currency` DISABLE KEYS */;
INSERT INTO `currency` VALUES (1,'IDR','Rupiah Indonesia'),(2,'JPY','Yen Jepang'),(3,'USD','Dolar Amerika'),(4,'MYR','Ringgit Malayasia'),(5,'SGD','Dolar Singapura'),(6,'BND','Dolar Brunei Darusalam');
/*!40000 ALTER TABLE `currency` ENABLE KEYS */;
UNLOCK TABLES;

--
-- Table structure for table `customer`
--

DROP TABLE IF EXISTS `customer`;
/*!40101 SET @saved_cs_client     = @@character_set_client */;
/*!40101 SET character_set_client = utf8 */;
CREATE TABLE `customer` (
  `customer_id` int(11) NOT NULL AUTO_INCREMENT,
  `customer_name` varchar(225) DEFAULT NULL,
  `mobile_phone` varchar(15) DEFAULT NULL,
  `home_phone` varchar(15) DEFAULT NULL,
  `fax` varchar(15) DEFAULT NULL,
  `address` varchar(225) DEFAULT NULL,
  `country` int(11) DEFAULT NULL,
  `province` int(11) DEFAULT NULL,
  `city` int(11) DEFAULT NULL,
  `zip_code` varchar(50) DEFAULT NULL,
  `nric` varchar(20) DEFAULT NULL,
  `email` varchar(50) DEFAULT NULL,
  `npwp` varchar(50) DEFAULT NULL,
  `note` varchar(225) DEFAULT NULL,
  `created_date` timestamp NULL DEFAULT current_timestamp(),
  `updated_date` timestamp NULL DEFAULT current_timestamp() ON UPDATE current_timestamp(),
  `created_by` int(11) DEFAULT NULL,
  `updated_by` int(11) DEFAULT NULL,
  PRIMARY KEY (`customer_id`)
) ENGINE=InnoDB AUTO_INCREMENT=4 DEFAULT CHARSET=latin1;
/*!40101 SET character_set_client = @saved_cs_client */;

--
-- Dumping data for table `customer`
--

LOCK TABLES `customer` WRITE;
/*!40000 ALTER TABLE `customer` DISABLE KEYS */;
INSERT INTO `customer` VALUES (1,'Asep Komarudin','12345678','','','jl. flamboyan no 44 srengseng kembangan',1,31,3174,'12233','12345678','aasseepp@gmail.com','123456789','','2020-02-04 04:31:34','2020-02-04 05:20:57',3,3),(3,'Siti Nurjamilah','12345678','','','Jl. Flamboyan NO 44 Srengseng Kembangan',1,31,3174,'','1234567','','','','2020-02-05 08:18:25','2020-02-05 08:18:25',NULL,NULL);
/*!40000 ALTER TABLE `customer` ENABLE KEYS */;
UNLOCK TABLES;

--
-- Table structure for table `documentnumber`
--

DROP TABLE IF EXISTS `documentnumber`;
/*!40101 SET @saved_cs_client     = @@character_set_client */;
/*!40101 SET character_set_client = utf8 */;
CREATE TABLE `documentnumber` (
  `document_id` int(11) NOT NULL AUTO_INCREMENT,
  `document_code` varchar(50) DEFAULT NULL,
  `document_name` varchar(225) DEFAULT NULL,
  `create_date` date DEFAULT NULL,
  `note` varchar(225) DEFAULT NULL,
  PRIMARY KEY (`document_id`),
  UNIQUE KEY `Index 2` (`document_code`)
) ENGINE=InnoDB AUTO_INCREMENT=10 DEFAULT CHARSET=latin1;
/*!40101 SET character_set_client = @saved_cs_client */;

--
-- Dumping data for table `documentnumber`
--

LOCK TABLES `documentnumber` WRITE;
/*!40000 ALTER TABLE `documentnumber` DISABLE KEYS */;
INSERT INTO `documentnumber` VALUES (1,'nik','Nomor Induk Karyawan','2020-01-31',NULL),(2,'tabunganin','Transaksi Penerimaan Tabungan','2020-02-05',NULL),(3,'rekening','no rekening tabungan pelanggan','2020-02-05',NULL),(4,'tabunganout','Transaksi Pemotongan Tabungan','2020-02-05',NULL),(5,'bankrecept','Transaksi Penerimaan Bank atau Kas','2020-02-15',NULL),(6,'pencataanbeban','Transaksi Pencatatan Beban','2020-02-20',NULL),(7,'kodebarang','Kode barang','2020-02-28',NULL),(8,'pesananpembelian','kode pesanan pembelian','2020-07-28',NULL),(9,'supplier','kode untuk supplier','2020-07-30',NULL);
/*!40000 ALTER TABLE `documentnumber` ENABLE KEYS */;
UNLOCK TABLES;

--
-- Table structure for table `documentnumberdetil`
--

DROP TABLE IF EXISTS `documentnumberdetil`;
/*!40101 SET @saved_cs_client     = @@character_set_client */;
/*!40101 SET character_set_client = utf8 */;
CREATE TABLE `documentnumberdetil` (
  `documentdetil_id` int(11) NOT NULL AUTO_INCREMENT,
  `document_code` varchar(50) NOT NULL,
  `field_name` varchar(200) NOT NULL,
  `length` int(11) NOT NULL,
  `value` varchar(100) NOT NULL,
  `increment_step` int(11) NOT NULL,
  `ordered` int(11) NOT NULL,
  PRIMARY KEY (`documentdetil_id`)
) ENGINE=InnoDB AUTO_INCREMENT=345 DEFAULT CHARSET=latin1;
/*!40101 SET character_set_client = @saved_cs_client */;

--
-- Dumping data for table `documentnumberdetil`
--

LOCK TABLES `documentnumberdetil` WRITE;
/*!40000 ALTER TABLE `documentnumberdetil` DISABLE KEYS */;
INSERT INTO `documentnumberdetil` VALUES (309,'nik','RequestCode',3,'GKA',0,1),(310,'nik','DiffNumber',4,'0157',1,2),(311,'tabunganin','RequestCode',5,'TABIN',0,1),(312,'tabunganin','Delimiter',1,'-',0,2),(313,'tabunganin','Year',4,'2020',1,3),(314,'tabunganin','Month',2,'07',1,4),(315,'tabunganin','Delimiter',1,'-',0,5),(316,'tabunganin','DiffNumber',4,'0006',1,6),(317,'rekening','Year',4,'2020',1,1),(318,'rekening','Month',2,'07',1,2),(319,'rekening','DiffNumber',4,'0004',1,3),(320,'tabunganout','RequestCode',6,'TABOUT',0,1),(321,'tabunganout','Delimiter',1,'-',0,2),(322,'tabunganout','Year',4,'2020',1,3),(323,'tabunganout','Month',2,'07',1,4),(324,'tabunganout','Delimiter',1,'-',0,5),(325,'tabunganout','DiffNumber',4,'0004',1,6),(326,'bankrecept','Year',4,'2020',1,1),(327,'bankrecept','Month',2,'07',1,2),(328,'bankrecept','DiffNumber',4,'0002',1,3),(329,'pencataanbeban','RequestCode',3,'EXP',0,1),(330,'pencataanbeban','Delimiter',1,'.',0,2),(331,'pencataanbeban','Year',4,'2020',1,3),(332,'pencataanbeban','Month',2,'07',1,4),(333,'pencataanbeban','Delimiter',1,'.',0,5),(334,'pencataanbeban','DiffNumber',4,'0007',1,6),(335,'kodebarang','RequestCode',1,'1',0,1),(336,'kodebarang','DiffNumber',6,'000066',1,2),(337,'pesananpembelian','RequestCode',2,'PO',0,1),(338,'pesananpembelian','Delimiter',1,'-',0,2),(339,'pesananpembelian','Year',4,'2020',1,3),(340,'pesananpembelian','Month',2,'07',1,4),(341,'pesananpembelian','Delimiter',1,'-',0,5),(342,'pesananpembelian','DiffNumber',5,'00001',1,6),(343,'supplier','RequestCode',3,'SUP',0,1),(344,'supplier','DiffNumber',5,'00004',1,2);
/*!40000 ALTER TABLE `documentnumberdetil` ENABLE KEYS */;
UNLOCK TABLES;

--
-- Table structure for table `emplocation`
--

DROP TABLE IF EXISTS `emplocation`;
/*!40101 SET @saved_cs_client     = @@character_set_client */;
/*!40101 SET character_set_client = utf8 */;
CREATE TABLE `emplocation` (
  `emplocation_id` int(11) NOT NULL AUTO_INCREMENT,
  `employee_id` int(11) NOT NULL DEFAULT 0,
  `worklocation_id` int(11) NOT NULL DEFAULT 0,
  PRIMARY KEY (`emplocation_id`),
  KEY `FK__employee` (`employee_id`),
  KEY `FK__worklocation` (`worklocation_id`),
  CONSTRAINT `FK__employee` FOREIGN KEY (`employee_id`) REFERENCES `employee` (`employee_id`),
  CONSTRAINT `FK__worklocation` FOREIGN KEY (`worklocation_id`) REFERENCES `worklocation` (`worklocation_id`)
) ENGINE=InnoDB AUTO_INCREMENT=34 DEFAULT CHARSET=latin1;
/*!40101 SET character_set_client = @saved_cs_client */;

--
-- Dumping data for table `emplocation`
--

LOCK TABLES `emplocation` WRITE;
/*!40000 ALTER TABLE `emplocation` DISABLE KEYS */;
INSERT INTO `emplocation` VALUES (29,2,1),(32,3,2),(33,13,1);
/*!40000 ALTER TABLE `emplocation` ENABLE KEYS */;
UNLOCK TABLES;

--
-- Table structure for table `employee`
--

DROP TABLE IF EXISTS `employee`;
/*!40101 SET @saved_cs_client     = @@character_set_client */;
/*!40101 SET character_set_client = utf8 */;
CREATE TABLE `employee` (
  `employee_id` int(11) NOT NULL AUTO_INCREMENT,
  `emp_no` varchar(50) DEFAULT NULL,
  `first_name` varchar(50) DEFAULT NULL,
  `middle_name` varchar(50) DEFAULT NULL,
  `last_name` varchar(50) DEFAULT NULL,
  `nick_name` varchar(50) DEFAULT NULL,
  `birtplace` varchar(50) DEFAULT NULL,
  `dob` date DEFAULT NULL,
  `nric` varchar(50) DEFAULT NULL,
  `nric_address` varchar(225) DEFAULT NULL,
  `address` varchar(225) DEFAULT NULL,
  `country` int(11) DEFAULT NULL,
  `province` int(11) DEFAULT NULL,
  `city` int(11) DEFAULT NULL,
  `zip_code` varchar(50) DEFAULT NULL,
  `phone` varchar(15) DEFAULT NULL,
  `email` varchar(50) DEFAULT NULL,
  `effective_date` date DEFAULT NULL,
  `position_id` int(11) DEFAULT NULL,
  `worklocation_id` int(11) DEFAULT NULL,
  `company_id` int(11) DEFAULT NULL,
  `note` varchar(225) DEFAULT NULL,
  `foto` varchar(225) DEFAULT NULL,
  `created_date` timestamp NULL DEFAULT current_timestamp(),
  `updated_date` timestamp NULL DEFAULT current_timestamp() ON UPDATE current_timestamp(),
  PRIMARY KEY (`employee_id`),
  KEY `FK_employee_position` (`position_id`),
  KEY `FK_employee_worklocation` (`worklocation_id`),
  CONSTRAINT `FK_employee_position` FOREIGN KEY (`position_id`) REFERENCES `position` (`position_id`),
  CONSTRAINT `FK_employee_worklocation` FOREIGN KEY (`worklocation_id`) REFERENCES `worklocation` (`worklocation_id`)
) ENGINE=InnoDB AUTO_INCREMENT=14 DEFAULT CHARSET=latin1;
/*!40101 SET character_set_client = @saved_cs_client */;

--
-- Dumping data for table `employee`
--

LOCK TABLES `employee` WRITE;
/*!40000 ALTER TABLE `employee` DISABLE KEYS */;
INSERT INTO `employee` VALUES (2,'GKA0082','Siti','','Nurjamilah','Jamilah','Sukabumi','1995-08-16','123245678','Jl. Flamboyan no 44','Jl. Flamboyan no 44',1,31,3174,'12210','01234556','mujahidah2@gmail.com','2019-06-19',5,1,1,'testing','default.png',NULL,'2020-02-03 07:04:20'),(3,'GKA0099','Asep','','Komarudin','Fatimah','jakarta','2020-02-01','12345678','jl. flamboyan no 59 rt. 4 rw 11','jl. flamboyan no 59 rt. 4 rw 11',1,31,3174,'12233','12345678','toekangaym@gmail.com','2020-02-13',7,2,1,'test','file_321697.png',NULL,'2020-07-28 09:43:00'),(13,'GKA0156','Fatimah','Hilyatul ','Aulia','','Jakarta','2018-01-01','','','Jakarta barat',1,31,3174,'','12345678','','2020-07-30',7,1,1,'','file_576424.png','2020-07-30 00:39:00','2020-07-30 00:40:29');
/*!40000 ALTER TABLE `employee` ENABLE KEYS */;
UNLOCK TABLES;

--
-- Table structure for table `file`
--

DROP TABLE IF EXISTS `file`;
/*!40101 SET @saved_cs_client     = @@character_set_client */;
/*!40101 SET character_set_client = utf8 */;
CREATE TABLE `file` (
  `file_id` varchar(5) NOT NULL,
  `menu_id` int(11) NOT NULL,
  `file_name` varchar(50) DEFAULT NULL,
  `url` varchar(200) DEFAULT NULL,
  PRIMARY KEY (`file_id`),
  KEY `FK__simmenu` (`menu_id`),
  CONSTRAINT `FK__simmenu` FOREIGN KEY (`menu_id`) REFERENCES `menu` (`menu_id`)
) ENGINE=InnoDB DEFAULT CHARSET=latin1;
/*!40101 SET character_set_client = @saved_cs_client */;

--
-- Dumping data for table `file`
--

LOCK TABLES `file` WRITE;
/*!40000 ALTER TABLE `file` DISABLE KEYS */;
INSERT INTO `file` VALUES ('00001',24,'company index','./view/company/index.php'),('00002',24,'company insert','./view/company/insert.php'),('00003',24,'company controller','./controller/CompanyController.php'),('00004',24,'company edit','./view/company/edit.php'),('00040',3,'customer index','./view/customer/index.php'),('00041',3,'customer insert','./view/customer/insert.php'),('00042',3,'customer search car','./view/spk/searchCars.php'),('00043',3,'customer cars insert','./view/customer/CarsInsert.php'),('00044',3,'customer controller','./controller/CustomerController.php'),('00045',3,'customer edit','./view/customer/edit.php'),('00046',4,'struktur index','./view/position/index.php'),('00047',4,'struktur insert','./view/position/insert.php'),('00048',4,'sturktur controller','./controller/PositionController.php'),('00049',4,'struktur edit','./view/position/edit.php'),('00050',2,'employee index','./view/employee/index.php'),('00051',2,'employee insert','./view/employee/insert.php'),('00053',2,'employee controller','./controller/EmployeeController.php'),('00054',2,'employee edit','./view/employee/edit.php'),('00147',19,'Setting acess menu index','./view/userfunction/index.php'),('00148',19,'Setting acess menu insert','./view/userfunction/insert.php'),('00149',19,'Setting acess menu controller','./controller/UserFunctionController.php'),('00150',19,'Setting access menu edit','./view/userfunction/edit.php');
/*!40000 ALTER TABLE `file` ENABLE KEYS */;
UNLOCK TABLES;

--
-- Table structure for table `goods`
--

DROP TABLE IF EXISTS `goods`;
/*!40101 SET @saved_cs_client     = @@character_set_client */;
/*!40101 SET character_set_client = utf8 */;
CREATE TABLE `goods` (
  `goods_id` int(11) NOT NULL AUTO_INCREMENT,
  `category_id` int(11) DEFAULT 0,
  `kode` varchar(50) DEFAULT '0',
  `barcode` varchar(50) DEFAULT NULL,
  `goods_name` varchar(225) DEFAULT NULL,
  `jenis` int(11) DEFAULT NULL COMMENT '1=persediaan, 2=non persediaan,3=jasa, 4=group',
  `unit_id` int(11) DEFAULT NULL,
  `size` varchar(50) DEFAULT NULL,
  `default_diskon` int(11) DEFAULT NULL,
  `default_harga_jual` decimal(15,2) DEFAULT NULL,
  `note` varchar(225) DEFAULT NULL,
  `create_date` timestamp NULL DEFAULT current_timestamp(),
  `update_date` timestamp NULL DEFAULT NULL ON UPDATE current_timestamp(),
  `created_by` int(11) DEFAULT NULL,
  PRIMARY KEY (`goods_id`),
  KEY `FK_goods_goods_category` (`category_id`),
  KEY `FK_goods_unit` (`unit_id`),
  CONSTRAINT `FK_goods_goods_category` FOREIGN KEY (`category_id`) REFERENCES `goods_category` (`category_id`),
  CONSTRAINT `FK_goods_unit` FOREIGN KEY (`unit_id`) REFERENCES `unit` (`unit_id`)
) ENGINE=InnoDB AUTO_INCREMENT=23 DEFAULT CHARSET=latin1;
/*!40101 SET character_set_client = @saved_cs_client */;

--
-- Dumping data for table `goods`
--

LOCK TABLES `goods` WRITE;
/*!40000 ALTER TABLE `goods` DISABLE KEYS */;
INSERT INTO `goods` VALUES (8,1,'1000001','123456','Baju Renang Laki - Laki',1,5,'L',5,45000.00,'testing','2020-03-01 00:15:48','2020-03-01 00:16:14',3),(11,1,'1000030','','Testing barang',2,1,'',0,0.00,'','2020-03-03 12:16:53','2020-03-05 03:12:14',3),(14,1,'1000034','','testing 2',3,1,'',0,0.00,'','2020-03-05 04:42:14',NULL,3);
/*!40000 ALTER TABLE `goods` ENABLE KEYS */;
UNLOCK TABLES;

--
-- Table structure for table `goods_account`
--

DROP TABLE IF EXISTS `goods_account`;
/*!40101 SET @saved_cs_client     = @@character_set_client */;
/*!40101 SET character_set_client = utf8 */;
CREATE TABLE `goods_account` (
  `gaccount_id` int(11) NOT NULL AUTO_INCREMENT,
  `goods_id` int(11) DEFAULT NULL,
  `kategory` int(11) DEFAULT NULL,
  `name` varchar(50) DEFAULT NULL,
  `account_no` varchar(50) DEFAULT NULL,
  PRIMARY KEY (`gaccount_id`),
  KEY `FK_goods_account_goods` (`goods_id`),
  CONSTRAINT `FK_goods_account_goods` FOREIGN KEY (`goods_id`) REFERENCES `goods` (`goods_id`)
) ENGINE=InnoDB AUTO_INCREMENT=311 DEFAULT CHARSET=latin1;
/*!40101 SET character_set_client = @saved_cs_client */;

--
-- Dumping data for table `goods_account`
--

LOCK TABLES `goods_account` WRITE;
/*!40000 ALTER TABLE `goods_account` DISABLE KEYS */;
INSERT INTO `goods_account` VALUES (110,14,2,'Penjualan','400001'),(111,14,4,'Diskon Penjualan','400004'),(112,14,8,'Return Pembelian','600020'),(113,14,9,'Pembelian Belum Ditagih','210203'),(120,8,1,'Persediaan','110401'),(121,8,2,'Penjualan','400001'),(122,8,3,'Retur Penjualan','400003'),(123,8,4,'Diskon Penjualan','400004'),(124,8,5,'Barang Terkirim','110402'),(125,8,6,'Beban Pokok Penjualan','5101'),(126,8,7,'Return Pembelian','110401'),(127,8,9,'Pembelian Belum Ditagih','210203'),(305,11,2,'Penjualan','400001'),(306,11,3,'Retur Penjualan','400003'),(307,11,4,'Diskon Penjualan','400004'),(308,11,7,'Return Pembelian','110401'),(309,11,8,'Return Pembelian','600020'),(310,11,9,'Pembelian Belum Ditagih','210203');
/*!40000 ALTER TABLE `goods_account` ENABLE KEYS */;
UNLOCK TABLES;

--
-- Table structure for table `goods_category`
--

DROP TABLE IF EXISTS `goods_category`;
/*!40101 SET @saved_cs_client     = @@character_set_client */;
/*!40101 SET character_set_client = utf8 */;
CREATE TABLE `goods_category` (
  `category_id` int(11) NOT NULL AUTO_INCREMENT,
  `category_name` varchar(225) DEFAULT NULL,
  `is_default` int(11) DEFAULT NULL,
  `note` varchar(225) DEFAULT NULL,
  `created_date` timestamp NULL DEFAULT current_timestamp(),
  `created_by` int(11) DEFAULT NULL,
  `updated_date` timestamp NULL DEFAULT current_timestamp() ON UPDATE current_timestamp(),
  `updated_by` int(11) DEFAULT NULL,
  PRIMARY KEY (`category_id`)
) ENGINE=InnoDB AUTO_INCREMENT=5 DEFAULT CHARSET=latin1;
/*!40101 SET character_set_client = @saved_cs_client */;

--
-- Dumping data for table `goods_category`
--

LOCK TABLES `goods_category` WRITE;
/*!40000 ALTER TABLE `goods_category` DISABLE KEYS */;
INSERT INTO `goods_category` VALUES (1,'Pakaian',1,'','2020-02-25 07:35:05',3,'2020-03-02 03:52:29',3),(3,'Makanan',NULL,'','2020-02-26 06:30:18',3,'2020-03-02 03:57:22',3);
/*!40000 ALTER TABLE `goods_category` ENABLE KEYS */;
UNLOCK TABLES;

--
-- Table structure for table `goods_image`
--

DROP TABLE IF EXISTS `goods_image`;
/*!40101 SET @saved_cs_client     = @@character_set_client */;
/*!40101 SET character_set_client = utf8 */;
CREATE TABLE `goods_image` (
  `gimage_id` int(11) NOT NULL AUTO_INCREMENT,
  `goods_id` int(11) DEFAULT NULL,
  `image_name` varchar(200) DEFAULT NULL,
  PRIMARY KEY (`gimage_id`),
  KEY `FK__goods` (`goods_id`),
  CONSTRAINT `FK__goods` FOREIGN KEY (`goods_id`) REFERENCES `goods` (`goods_id`)
) ENGINE=InnoDB AUTO_INCREMENT=21 DEFAULT CHARSET=latin1;
/*!40101 SET character_set_client = @saved_cs_client */;

--
-- Dumping data for table `goods_image`
--

LOCK TABLES `goods_image` WRITE;
/*!40000 ALTER TABLE `goods_image` DISABLE KEYS */;
INSERT INTO `goods_image` VALUES (19,11,'1000030_1.jpg');
/*!40000 ALTER TABLE `goods_image` ENABLE KEYS */;
UNLOCK TABLES;

--
-- Table structure for table `goods_supplier`
--

DROP TABLE IF EXISTS `goods_supplier`;
/*!40101 SET @saved_cs_client     = @@character_set_client */;
/*!40101 SET character_set_client = utf8 */;
CREATE TABLE `goods_supplier` (
  `gsupplier_id` int(11) NOT NULL AUTO_INCREMENT,
  `goods_id` int(11) DEFAULT NULL,
  `supplier_id` int(11) DEFAULT NULL,
  `satuan_beli` int(11) DEFAULT NULL,
  `harga_beli` decimal(15,2) DEFAULT NULL,
  `minimum_beli` int(11) DEFAULT NULL,
  `stock_minimum` int(11) DEFAULT NULL,
  `ppn` int(11) DEFAULT NULL,
  PRIMARY KEY (`gsupplier_id`),
  KEY `FK_goods_supplier_goods` (`goods_id`),
  KEY `FK_goods_supplier_supplier` (`supplier_id`),
  CONSTRAINT `FK_goods_supplier_goods` FOREIGN KEY (`goods_id`) REFERENCES `goods` (`goods_id`),
  CONSTRAINT `FK_goods_supplier_supplier` FOREIGN KEY (`supplier_id`) REFERENCES `supplier` (`supplier_id`)
) ENGINE=InnoDB AUTO_INCREMENT=8 DEFAULT CHARSET=latin1;
/*!40101 SET character_set_client = @saved_cs_client */;

--
-- Dumping data for table `goods_supplier`
--

LOCK TABLES `goods_supplier` WRITE;
/*!40000 ALTER TABLE `goods_supplier` DISABLE KEYS */;
INSERT INTO `goods_supplier` VALUES (7,8,1,5,30000.00,12,6,10);
/*!40000 ALTER TABLE `goods_supplier` ENABLE KEYS */;
UNLOCK TABLES;

--
-- Table structure for table `goodslocation`
--

DROP TABLE IF EXISTS `goodslocation`;
/*!40101 SET @saved_cs_client     = @@character_set_client */;
/*!40101 SET character_set_client = utf8 */;
CREATE TABLE `goodslocation` (
  `g_location_id` int(11) NOT NULL AUTO_INCREMENT,
  `worklocation_id` int(11) NOT NULL DEFAULT 0,
  `goods_id` int(11) NOT NULL DEFAULT 0,
  `price` decimal(15,2) NOT NULL DEFAULT 0.00,
  `currency` varchar(10) DEFAULT NULL,
  `effective_date` date DEFAULT NULL,
  `qty` int(11) DEFAULT NULL,
  `qty_siapjual` int(11) DEFAULT NULL,
  `satuan` varchar(50) DEFAULT NULL,
  `created_by` int(11) DEFAULT NULL,
  `updated_by` int(11) DEFAULT NULL,
  `created_date` timestamp NULL DEFAULT current_timestamp(),
  `updated_date` timestamp NULL DEFAULT current_timestamp() ON UPDATE current_timestamp(),
  PRIMARY KEY (`g_location_id`),
  KEY `FK_goodslocation_worklocation` (`worklocation_id`),
  KEY `FK_goodslocation_goods` (`goods_id`),
  CONSTRAINT `FK_goodslocation_goods` FOREIGN KEY (`goods_id`) REFERENCES `goods` (`goods_id`),
  CONSTRAINT `FK_goodslocation_worklocation` FOREIGN KEY (`worklocation_id`) REFERENCES `worklocation` (`worklocation_id`)
) ENGINE=InnoDB AUTO_INCREMENT=37 DEFAULT CHARSET=latin1;
/*!40101 SET character_set_client = @saved_cs_client */;

--
-- Dumping data for table `goodslocation`
--

LOCK TABLES `goodslocation` WRITE;
/*!40000 ALTER TABLE `goodslocation` DISABLE KEYS */;
INSERT INTO `goodslocation` VALUES (31,1,8,45000.00,NULL,'2020-02-01',6,6,'5',3,NULL,'2020-03-05 04:46:56','2020-03-05 04:46:56'),(32,2,8,30000.00,NULL,'2020-02-19',5,5,'5',3,NULL,'2020-03-05 04:46:56','2020-03-05 04:46:56');
/*!40000 ALTER TABLE `goodslocation` ENABLE KEYS */;
UNLOCK TABLES;

--
-- Table structure for table `menu`
--

DROP TABLE IF EXISTS `menu`;
/*!40101 SET @saved_cs_client     = @@character_set_client */;
/*!40101 SET character_set_client = utf8 */;
CREATE TABLE `menu` (
  `menu_id` int(11) NOT NULL AUTO_INCREMENT,
  `menu_name` varchar(200) NOT NULL,
  `parent` int(11) DEFAULT NULL,
  `icon` varchar(100) DEFAULT NULL,
  `link` varchar(200) DEFAULT NULL,
  `ordered` int(11) DEFAULT NULL,
  `is_active` int(11) DEFAULT NULL,
  PRIMARY KEY (`menu_id`)
) ENGINE=InnoDB AUTO_INCREMENT=135 DEFAULT CHARSET=latin1;
/*!40101 SET character_set_client = @saved_cs_client */;

--
-- Dumping data for table `menu`
--

LOCK TABLES `menu` WRITE;
/*!40000 ALTER TABLE `menu` DISABLE KEYS */;
INSERT INTO `menu` VALUES (2,'Karyawan',88,'karyawan.png','employee',6,1),(3,'Data Pelanggan',91,'personal_data.png','customer',3,1),(4,'Strukur Organisasi',88,'struktur.png','organization',5,1),(18,'Pengaturan',0,'settings.png',NULL,9,1),(19,'Acess Menu',18,'menu.png','acess_menu',1,1),(24,'Pengaturan Perusahaan',88,'company_1.png','company',1,1),(55,'Menu',18,'new_menu.png','menu',2,1),(61,'Lokasi Usaha',88,'location.png','location',2,1),(65,'Posisi',88,'tree.png','position',4,1),(66,'Level Posisi',88,'position_level.png','position_level',3,1),(72,'Pembatalan Penjualan',91,'sell.png','penbatalan',10,1),(73,'Laporan',0,'laporan.png','',8,1),(74,'Tabungan',73,'laporan.png','',1,1),(79,'Pemasok',90,'supplier.png','supplier',2,1),(80,'Barang',97,'goods.png','goods',3,1),(81,'Tabungan Pelanggan',89,'money.png','tabungan',1,1),(83,'Penerimaan Tabungan',89,'money.png','tabungan_in',2,1),(84,'Pengeluaran Tabungan',89,'money.png','tabungan_out',3,1),(85,'Transaksi Penerimaan',74,'laporan.png','rep_tabungan_in',2,1),(86,'Transaksi Pengeluaran',74,'laporan.png','rep_tabungan_out',3,1),(87,'Tabungan Pelanggan',74,'laporan.png','rep_tabungan_cus',1,1),(88,'Perusahaan',0,'company_1.png','',1,1),(89,'Kas &amp; Bank',0,'money.png','',3,1),(90,'Pembelian',0,'Transaksi.png','',4,1),(91,'Penjualan',0,'sale.png','',5,1),(92,'Pemetaan Akun',18,'account.png','account',3,1),(93,'Account Perkiraan',96,'book.png','account_perkiraan',1,1),(94,'Penerimaan',89,'money.png','recept',5,1),(95,'Setting Journal',18,'money.png','setjournal',4,1),(96,'Buku Besar',0,'book.png','',2,1),(97,'Persediaan',0,'stock.png','',6,1),(98,'Satuan Barang',97,'satuan.png','unit',2,1),(99,'Kategori Barang',97,'barang_kategori.png','barang_kategori',1,1),(100,'Permintaan barang',97,'request_barang.png','',4,1),(101,'Pemindahan Barang',97,'goods.png','',8,1),(102,'Penyesuaian Persediaan',97,'penyesuaian.png','',5,1),(103,'Perinrtah Stok Opname',97,'perintah_stokopname.png','',6,1),(104,'Hasil Stok Opname',97,'hasil_stokopname.png','',7,1),(105,'Penawaran Penjualan',91,'sell.png','',4,1),(106,'Pesanan Penjualan',91,'sell.png','',5,1),(107,'Uang Muka Penjualan',91,'sell.png','',6,1),(108,'Pengirimanan Pesanan',91,'sell.png','',9,1),(109,'Faktur Penjualan',91,'sell.png','',8,1),(110,'Penerimaan Penjualan',91,'sell.png','',7,1),(111,'Kategori Pelanggan',91,'sell.png','',2,1),(112,'Kategori Penjualan',91,'sell.png','',1,1),(113,'Rerur Penjualan',91,'sell.png','',11,1),(114,'Pencatatan beban',96,'book.png','pencatatan_beban',2,1),(115,'Journal Umum',96,'book.png','',3,1),(116,'Anggaran',96,'book.png','',4,1),(117,'Pembayaran',89,'money.png','',4,1),(118,'Transfer Bank',89,'money.png','',6,1),(119,'Rekening Koran',89,'money.png','',7,1),(120,'Rekonsilasi Bank',89,'money.png','',8,1),(121,'Pesanan Pembelian',90,'po.png','pesanan_pembelian',3,1),(122,'Penerimaan Pembelian',90,'supplier.png','',4,1),(123,'Uang Muka Pembelian',90,'supplier.png','',5,1),(124,'Faktur Pembelian',90,'supplier.png','',7,1),(125,'Pembayaran Pembelian',90,'supplier.png','',6,1),(126,'Retur Pembelian',90,'supplier.png','',8,1),(127,'Kategori Pemasok',90,'purchase_category.png','supplier_category',1,1);
/*!40000 ALTER TABLE `menu` ENABLE KEYS */;
UNLOCK TABLES;

--
-- Table structure for table `pencatatan_beban`
--

DROP TABLE IF EXISTS `pencatatan_beban`;
/*!40101 SET @saved_cs_client     = @@character_set_client */;
/*!40101 SET character_set_client = utf8 */;
CREATE TABLE `pencatatan_beban` (
  `pencatatanbeban_id` int(11) NOT NULL AUTO_INCREMENT,
  `beban_code` varchar(50) DEFAULT NULL,
  `account_no` varchar(50) DEFAULT NULL,
  `date` date DEFAULT NULL,
  `duedate` date DEFAULT NULL,
  `total_amount` decimal(15,2) DEFAULT NULL,
  `amount_dibayar` decimal(15,2) DEFAULT 0.00,
  `note` varchar(225) DEFAULT NULL,
  `status` int(11) DEFAULT NULL,
  `created_date` timestamp NULL DEFAULT current_timestamp(),
  `created_by` int(11) DEFAULT NULL,
  `updated_date` timestamp NULL DEFAULT current_timestamp() ON UPDATE current_timestamp(),
  `updated_by` int(11) DEFAULT NULL,
  PRIMARY KEY (`pencatatanbeban_id`)
) ENGINE=InnoDB AUTO_INCREMENT=6 DEFAULT CHARSET=latin1;
/*!40101 SET character_set_client = @saved_cs_client */;

--
-- Dumping data for table `pencatatan_beban`
--

LOCK TABLES `pencatatan_beban` WRITE;
/*!40000 ALTER TABLE `pencatatan_beban` DISABLE KEYS */;
INSERT INTO `pencatatan_beban` VALUES (3,'EXP.202002.0001','210203','2020-02-21','2020-02-21',300000.00,0.00,'testing',1,'2020-02-20 23:11:09',3,'2020-02-20 23:11:09',NULL),(4,'EXP.202002.0003','210203','2020-02-21','2020-02-21',50000.00,0.00,'',2,'2020-02-20 23:21:30',3,'2020-02-20 23:21:40',NULL),(5,'EXP.202007.0007','210204','2020-07-30','2020-07-30',140000.00,0.00,'',1,'2020-07-30 07:42:43',NULL,'2020-07-30 07:42:43',NULL);
/*!40000 ALTER TABLE `pencatatan_beban` ENABLE KEYS */;
UNLOCK TABLES;

--
-- Table structure for table `pencatatan_beban_dtl`
--

DROP TABLE IF EXISTS `pencatatan_beban_dtl`;
/*!40101 SET @saved_cs_client     = @@character_set_client */;
/*!40101 SET character_set_client = utf8 */;
CREATE TABLE `pencatatan_beban_dtl` (
  `bebandtl_id` int(11) NOT NULL AUTO_INCREMENT,
  `pencacatanbeban_id` int(11) DEFAULT NULL,
  `account_no` varchar(50) DEFAULT NULL,
  `amount` decimal(15,2) DEFAULT NULL,
  `note` varchar(225) DEFAULT NULL,
  PRIMARY KEY (`bebandtl_id`),
  KEY `FK__pencatatan_beban` (`pencacatanbeban_id`),
  CONSTRAINT `FK__pencatatan_beban` FOREIGN KEY (`pencacatanbeban_id`) REFERENCES `pencatatan_beban` (`pencatatanbeban_id`)
) ENGINE=InnoDB AUTO_INCREMENT=14 DEFAULT CHARSET=latin1;
/*!40101 SET character_set_client = @saved_cs_client */;

--
-- Dumping data for table `pencatatan_beban_dtl`
--

LOCK TABLES `pencatatan_beban_dtl` WRITE;
/*!40000 ALTER TABLE `pencatatan_beban_dtl` DISABLE KEYS */;
INSERT INTO `pencatatan_beban_dtl` VALUES (7,3,'600001',200000.00,'testing'),(8,3,'600002',50000.00,'testing'),(9,3,'600011',50000.00,'testing'),(10,4,'5101',50000.00,''),(11,5,'600003',20000.00,''),(12,5,'600001',100000.00,''),(13,5,'600002',20000.00,'');
/*!40000 ALTER TABLE `pencatatan_beban_dtl` ENABLE KEYS */;
UNLOCK TABLES;

--
-- Table structure for table `pesanan_pembelian`
--

DROP TABLE IF EXISTS `pesanan_pembelian`;
/*!40101 SET @saved_cs_client     = @@character_set_client */;
/*!40101 SET character_set_client = utf8 */;
CREATE TABLE `pesanan_pembelian` (
  `ppembelian_id` int(11) NOT NULL AUTO_INCREMENT,
  `ppembelian_code` varchar(50) NOT NULL,
  `ppembelian_name` varchar(225) NOT NULL,
  `create_date` date NOT NULL DEFAULT curdate(),
  `supplier_id` int(11) NOT NULL DEFAULT 0,
  `update_date` timestamp NOT NULL DEFAULT current_timestamp() ON UPDATE current_timestamp(),
  `note` varchar(225) DEFAULT NULL,
  PRIMARY KEY (`ppembelian_id`),
  UNIQUE KEY `Index 3` (`ppembelian_code`),
  KEY `FK__supplier` (`supplier_id`),
  CONSTRAINT `FK__supplier` FOREIGN KEY (`supplier_id`) REFERENCES `supplier` (`supplier_id`)
) ENGINE=InnoDB DEFAULT CHARSET=latin1;
/*!40101 SET character_set_client = @saved_cs_client */;

--
-- Dumping data for table `pesanan_pembelian`
--

LOCK TABLES `pesanan_pembelian` WRITE;
/*!40000 ALTER TABLE `pesanan_pembelian` DISABLE KEYS */;
/*!40000 ALTER TABLE `pesanan_pembelian` ENABLE KEYS */;
UNLOCK TABLES;

--
-- Table structure for table `pesanan_pembelian_dtl`
--

DROP TABLE IF EXISTS `pesanan_pembelian_dtl`;
/*!40101 SET @saved_cs_client     = @@character_set_client */;
/*!40101 SET character_set_client = utf8 */;
CREATE TABLE `pesanan_pembelian_dtl` (
  `pdtl_id` int(11) NOT NULL AUTO_INCREMENT,
  `ppembelian_code` varchar(50) DEFAULT NULL,
  `goods_id` int(11) DEFAULT NULL,
  `qty` int(11) DEFAULT NULL,
  `note` varchar(225) DEFAULT NULL,
  PRIMARY KEY (`pdtl_id`),
  KEY `FK_pesanan_pembelian_dtl_goods` (`goods_id`),
  KEY `FK_pesanan_pembelian_dtl_pesanan_pembelian` (`ppembelian_code`),
  CONSTRAINT `FK_pesanan_pembelian_dtl_goods` FOREIGN KEY (`goods_id`) REFERENCES `goods` (`goods_id`),
  CONSTRAINT `FK_pesanan_pembelian_dtl_pesanan_pembelian` FOREIGN KEY (`ppembelian_code`) REFERENCES `pesanan_pembelian` (`ppembelian_code`)
) ENGINE=InnoDB DEFAULT CHARSET=latin1;
/*!40101 SET character_set_client = @saved_cs_client */;

--
-- Dumping data for table `pesanan_pembelian_dtl`
--

LOCK TABLES `pesanan_pembelian_dtl` WRITE;
/*!40000 ALTER TABLE `pesanan_pembelian_dtl` DISABLE KEYS */;
/*!40000 ALTER TABLE `pesanan_pembelian_dtl` ENABLE KEYS */;
UNLOCK TABLES;

--
-- Table structure for table `position`
--

DROP TABLE IF EXISTS `position`;
/*!40101 SET @saved_cs_client     = @@character_set_client */;
/*!40101 SET character_set_client = utf8 */;
CREATE TABLE `position` (
  `position_id` int(11) NOT NULL AUTO_INCREMENT,
  `position_code` varchar(50) DEFAULT NULL,
  `position_name` varchar(225) DEFAULT NULL,
  `level_id` int(11) DEFAULT NULL,
  `job_desk` varchar(500) DEFAULT NULL,
  `parent` int(11) DEFAULT NULL,
  `parent_path` varchar(50) DEFAULT NULL,
  PRIMARY KEY (`position_id`),
  UNIQUE KEY `Index 2` (`position_code`),
  KEY `FK__position_level` (`level_id`),
  CONSTRAINT `FK__position_level` FOREIGN KEY (`level_id`) REFERENCES `position_level` (`level_id`)
) ENGINE=InnoDB AUTO_INCREMENT=12 DEFAULT CHARSET=latin1;
/*!40101 SET character_set_client = @saved_cs_client */;

--
-- Dumping data for table `position`
--

LOCK TABLES `position` WRITE;
/*!40000 ALTER TABLE `position` DISABLE KEYS */;
INSERT INTO `position` VALUES (2,'PO-001','Direktur Utama',1,'',0,''),(5,'PO-002','Manager Keuangan',3,'',2,''),(7,'PO-003','Manager pemasaran',3,'',2,''),(8,'PO-004','HRD / GA',3,'',2,''),(9,'PO-005','Manager Gudang',3,'',2,''),(10,'PO-002-001','Penagihan',4,'',5,''),(11,'131313','Direktur Tambahn',1,'',0,'');
/*!40000 ALTER TABLE `position` ENABLE KEYS */;
UNLOCK TABLES;

--
-- Table structure for table `position_level`
--

DROP TABLE IF EXISTS `position_level`;
/*!40101 SET @saved_cs_client     = @@character_set_client */;
/*!40101 SET character_set_client = utf8 */;
CREATE TABLE `position_level` (
  `level_id` int(11) NOT NULL AUTO_INCREMENT,
  `level_code` varchar(50) DEFAULT NULL,
  `level_name` varchar(225) DEFAULT NULL,
  `job_desk` varchar(500) DEFAULT NULL,
  PRIMARY KEY (`level_id`)
) ENGINE=InnoDB AUTO_INCREMENT=7 DEFAULT CHARSET=latin1;
/*!40101 SET character_set_client = @saved_cs_client */;

--
-- Dumping data for table `position_level`
--

LOCK TABLES `position_level` WRITE;
/*!40000 ALTER TABLE `position_level` DISABLE KEYS */;
INSERT INTO `position_level` VALUES (1,'L01','Direktur','<p>testing</p>'),(3,'L02','Manager','<p>adadada</p>'),(4,'L03','Supervisor',''),(5,'L04','Staff','');
/*!40000 ALTER TABLE `position_level` ENABLE KEYS */;
UNLOCK TABLES;

--
-- Table structure for table `provinces`
--

DROP TABLE IF EXISTS `provinces`;
/*!40101 SET @saved_cs_client     = @@character_set_client */;
/*!40101 SET character_set_client = utf8 */;
CREATE TABLE `provinces` (
  `province_id` int(11) NOT NULL AUTO_INCREMENT,
  `province_name` varchar(255) COLLATE utf8_unicode_ci DEFAULT NULL,
  `country_id` int(11) DEFAULT NULL,
  `note` int(11) DEFAULT NULL,
  PRIMARY KEY (`province_id`),
  KEY `FK_provinces_country_id` (`country_id`),
  CONSTRAINT `FK_provinces_country_id` FOREIGN KEY (`country_id`) REFERENCES `country` (`country_id`)
) ENGINE=InnoDB AUTO_INCREMENT=95 DEFAULT CHARSET=utf8 COLLATE=utf8_unicode_ci;
/*!40101 SET character_set_client = @saved_cs_client */;

--
-- Dumping data for table `provinces`
--

LOCK TABLES `provinces` WRITE;
/*!40000 ALTER TABLE `provinces` DISABLE KEYS */;
INSERT INTO `provinces` VALUES (0,'OTHER',0,NULL),(11,'ACEH',1,NULL),(12,'SUMATERA UTARA',1,NULL),(13,'SUMATERA BARAT',1,NULL),(14,'RIAU',1,NULL),(15,'JAMBI',1,NULL),(16,'SUMATERA SELATAN',1,NULL),(17,'BENGKULU',1,NULL),(18,'LAMPUNG',1,NULL),(19,'KEPULAUAN BANGKA BELITUNG',1,NULL),(21,'KEPULAUAN RIAU',1,NULL),(31,'DKI JAKARTA',1,NULL),(32,'JAWA BARAT',1,NULL),(33,'JAWA TENGAH',1,NULL),(34,'DI YOGYAKARTA',1,NULL),(35,'JAWA TIMUR',1,NULL),(36,'BANTEN',1,NULL),(51,'BALI',1,NULL),(52,'NUSA TENGGARA BARAT',1,NULL),(53,'NUSA TENGGARA TIMUR',1,NULL),(61,'KALIMANTAN BARAT',1,NULL),(62,'KALIMANTAN TENGAH',1,NULL),(63,'KALIMANTAN SELATAN',1,NULL),(64,'KALIMANTAN TIMUR',1,NULL),(65,'KALIMANTAN UTARA',1,NULL),(71,'SULAWESI UTARA',1,NULL),(72,'SULAWESI TENGAH',1,NULL),(73,'SULAWESI SELATAN',1,NULL),(74,'SULAWESI TENGGARA',1,NULL),(75,'GORONTALO',1,NULL),(76,'SULAWESI BARAT',1,NULL),(81,'MALUKU',1,NULL),(82,'MALUKU UTARA',1,NULL),(91,'PAPUA BARAT',1,NULL),(94,'PAPUA',1,NULL);
/*!40000 ALTER TABLE `provinces` ENABLE KEYS */;
UNLOCK TABLES;

--
-- Table structure for table `supplier`
--

DROP TABLE IF EXISTS `supplier`;
/*!40101 SET @saved_cs_client     = @@character_set_client */;
/*!40101 SET character_set_client = utf8 */;
CREATE TABLE `supplier` (
  `supplier_id` int(11) NOT NULL AUTO_INCREMENT,
  `supplier_name` varchar(225) DEFAULT NULL,
  `address` varchar(225) DEFAULT NULL,
  `country` int(11) DEFAULT NULL,
  `province` int(11) DEFAULT NULL,
  `city` int(11) DEFAULT NULL,
  `zip_code` varchar(50) DEFAULT NULL,
  `tlp_bisnis` varchar(50) DEFAULT NULL,
  `phone` varchar(15) DEFAULT NULL,
  `fax` varchar(15) DEFAULT NULL,
  `email` varchar(50) DEFAULT NULL,
  `website` varchar(50) DEFAULT NULL,
  `jual_jasa` tinyint(4) DEFAULT NULL,
  `worklocation_id` int(11) DEFAULT NULL,
  `note` varchar(225) DEFAULT NULL,
  `faktur_include_pajak` tinyint(4) DEFAULT NULL,
  `npwp` varchar(50) DEFAULT NULL,
  `nptkp` varchar(50) DEFAULT NULL,
  `type_pajak` varchar(50) DEFAULT NULL,
  `alamat_samadengan_pajak` tinyint(4) DEFAULT NULL,
  `created_date` timestamp NULL DEFAULT current_timestamp(),
  `updated_date` timestamp NULL DEFAULT current_timestamp() ON UPDATE current_timestamp(),
  `created_by` int(11) DEFAULT NULL,
  `updated_by` int(11) DEFAULT NULL,
  PRIMARY KEY (`supplier_id`)
) ENGINE=InnoDB AUTO_INCREMENT=4 DEFAULT CHARSET=latin1;
/*!40101 SET character_set_client = @saved_cs_client */;

--
-- Dumping data for table `supplier`
--

LOCK TABLES `supplier` WRITE;
/*!40000 ALTER TABLE `supplier` DISABLE KEYS */;
INSERT INTO `supplier` VALUES (1,'Asep Komarudin','jakarta Barat',1,31,3174,'',NULL,'12345678','','',NULL,NULL,NULL,'',NULL,NULL,NULL,NULL,NULL,'2020-02-03 15:26:09','2020-02-03 15:26:09',NULL,NULL),(2,'Fatimah H','jl. Flamboyan NO 44 Srengseng Kembangan',1,31,3171,'12255',NULL,'12345678','12345678','aasseepp@gmail.com',NULL,NULL,NULL,'testing',NULL,NULL,NULL,NULL,NULL,'2020-02-03 15:28:13','2020-02-04 03:01:37',NULL,3);
/*!40000 ALTER TABLE `supplier` ENABLE KEYS */;
UNLOCK TABLES;

--
-- Table structure for table `supplier_category`
--

DROP TABLE IF EXISTS `supplier_category`;
/*!40101 SET @saved_cs_client     = @@character_set_client */;
/*!40101 SET character_set_client = utf8 */;
CREATE TABLE `supplier_category` (
  `category_id` int(11) NOT NULL AUTO_INCREMENT,
  `category_name` varchar(100) DEFAULT NULL,
  `note` varchar(225) DEFAULT NULL,
  PRIMARY KEY (`category_id`)
) ENGINE=InnoDB AUTO_INCREMENT=4 DEFAULT CHARSET=latin1;
/*!40101 SET character_set_client = @saved_cs_client */;

--
-- Dumping data for table `supplier_category`
--

LOCK TABLES `supplier_category` WRITE;
/*!40000 ALTER TABLE `supplier_category` DISABLE KEYS */;
INSERT INTO `supplier_category` VALUES (2,'supplier Grosiran',''),(3,'Pemasok makanan Frozen','');
/*!40000 ALTER TABLE `supplier_category` ENABLE KEYS */;
UNLOCK TABLES;

--
-- Table structure for table `supplier_contact`
--

DROP TABLE IF EXISTS `supplier_contact`;
/*!40101 SET @saved_cs_client     = @@character_set_client */;
/*!40101 SET character_set_client = utf8 */;
CREATE TABLE `supplier_contact` (
  `supplier_contact_id` int(11) NOT NULL AUTO_INCREMENT,
  `supplier_id` int(11) DEFAULT NULL,
  `name` varchar(100) DEFAULT NULL,
  `position` varchar(100) DEFAULT NULL,
  `email` varchar(100) DEFAULT NULL,
  `hp` varchar(50) DEFAULT NULL,
  `tlp_bisnis` varchar(50) DEFAULT NULL,
  `faximili` varchar(50) DEFAULT NULL,
  `tlp_home` varchar(50) DEFAULT NULL,
  `tlp_wa` varchar(50) DEFAULT NULL,
  `website` varchar(50) DEFAULT NULL,
  `catatan` varchar(225) DEFAULT NULL,
  PRIMARY KEY (`supplier_contact_id`),
  KEY `FK__supplier_supplier_kontak` (`supplier_id`),
  CONSTRAINT `FK__supplier_supplier_kontak` FOREIGN KEY (`supplier_id`) REFERENCES `supplier` (`supplier_id`)
) ENGINE=InnoDB DEFAULT CHARSET=latin1;
/*!40101 SET character_set_client = @saved_cs_client */;

--
-- Dumping data for table `supplier_contact`
--

LOCK TABLES `supplier_contact` WRITE;
/*!40000 ALTER TABLE `supplier_contact` DISABLE KEYS */;
/*!40000 ALTER TABLE `supplier_contact` ENABLE KEYS */;
UNLOCK TABLES;

--
-- Table structure for table `supplier_pembayaran_bank`
--

DROP TABLE IF EXISTS `supplier_pembayaran_bank`;
/*!40101 SET @saved_cs_client     = @@character_set_client */;
/*!40101 SET character_set_client = utf8 */;
CREATE TABLE `supplier_pembayaran_bank` (
  `sup_bank_id` int(11) NOT NULL AUTO_INCREMENT,
  `sup_pembelian_id` int(11) NOT NULL DEFAULT 0,
  `no_rekening` varchar(50) NOT NULL DEFAULT '0',
  `nama_pemilik` varchar(50) NOT NULL DEFAULT '0',
  `nama_bank` varchar(50) NOT NULL DEFAULT '0',
  PRIMARY KEY (`sup_bank_id`),
  KEY `FK__supplier_pembelian` (`sup_pembelian_id`),
  CONSTRAINT `FK__supplier_pembelian` FOREIGN KEY (`sup_pembelian_id`) REFERENCES `supplier_pembelian` (`supplier_pembelain_id`)
) ENGINE=InnoDB DEFAULT CHARSET=latin1;
/*!40101 SET character_set_client = @saved_cs_client */;

--
-- Dumping data for table `supplier_pembayaran_bank`
--

LOCK TABLES `supplier_pembayaran_bank` WRITE;
/*!40000 ALTER TABLE `supplier_pembayaran_bank` DISABLE KEYS */;
/*!40000 ALTER TABLE `supplier_pembayaran_bank` ENABLE KEYS */;
UNLOCK TABLES;

--
-- Table structure for table `supplier_pembelian`
--

DROP TABLE IF EXISTS `supplier_pembelian`;
/*!40101 SET @saved_cs_client     = @@character_set_client */;
/*!40101 SET character_set_client = utf8 */;
CREATE TABLE `supplier_pembelian` (
  `supplier_pembelain_id` int(11) NOT NULL AUTO_INCREMENT,
  `supplier_id` int(11) DEFAULT NULL,
  `Syarat_pembayaran_id` int(11) NOT NULL DEFAULT 0,
  `default_deskripsi` varchar(225) NOT NULL DEFAULT '0',
  `akun_utang` varchar(225) NOT NULL DEFAULT '0',
  `akun_uangmuka` varchar(225) NOT NULL DEFAULT '0',
  PRIMARY KEY (`supplier_pembelain_id`),
  KEY `FK__supplier_pembayaran` (`supplier_id`),
  CONSTRAINT `FK__supplier_pembayaran` FOREIGN KEY (`supplier_id`) REFERENCES `supplier` (`supplier_id`)
) ENGINE=InnoDB DEFAULT CHARSET=latin1;
/*!40101 SET character_set_client = @saved_cs_client */;

--
-- Dumping data for table `supplier_pembelian`
--

LOCK TABLES `supplier_pembelian` WRITE;
/*!40000 ALTER TABLE `supplier_pembelian` DISABLE KEYS */;
/*!40000 ALTER TABLE `supplier_pembelian` ENABLE KEYS */;
UNLOCK TABLES;

--
-- Table structure for table `tabungan`
--

DROP TABLE IF EXISTS `tabungan`;
/*!40101 SET @saved_cs_client     = @@character_set_client */;
/*!40101 SET character_set_client = utf8 */;
CREATE TABLE `tabungan` (
  `tabungan_id` int(11) NOT NULL AUTO_INCREMENT,
  `customer_id` int(11) DEFAULT NULL,
  `no_rekening` varchar(50) DEFAULT NULL,
  `tabungan_name` varchar(225) DEFAULT NULL,
  `amount` decimal(10,2) DEFAULT NULL,
  `currency` varchar(50) DEFAULT NULL,
  `limit` double DEFAULT NULL,
  `is_limit` int(1) DEFAULT NULL,
  `created_date` timestamp NULL DEFAULT current_timestamp(),
  `created_by` int(11) DEFAULT NULL,
  `updated_date` timestamp NULL DEFAULT current_timestamp() ON UPDATE current_timestamp(),
  `updated_by` int(11) DEFAULT NULL,
  PRIMARY KEY (`tabungan_id`),
  KEY `FK_tabungan_customer` (`customer_id`),
  CONSTRAINT `FK_tabungan_customer` FOREIGN KEY (`customer_id`) REFERENCES `customer` (`customer_id`)
) ENGINE=InnoDB AUTO_INCREMENT=8 DEFAULT CHARSET=latin1;
/*!40101 SET character_set_client = @saved_cs_client */;

--
-- Dumping data for table `tabungan`
--

LOCK TABLES `tabungan` WRITE;
/*!40000 ALTER TABLE `tabungan` DISABLE KEYS */;
INSERT INTO `tabungan` VALUES (6,1,'2020020001','Tabungan Pembelian Barang',1100000.00,'IDR',0,NULL,'2020-02-05 11:54:28',NULL,'2020-02-13 15:31:54',NULL),(7,3,'2020020002','Tabungan Pembelian Barang',0.00,'IDR',1000000,1,'2020-02-05 11:57:16',NULL,'2020-02-05 11:57:16',NULL);
/*!40000 ALTER TABLE `tabungan` ENABLE KEYS */;
UNLOCK TABLES;

--
-- Table structure for table `tabungan_in`
--

DROP TABLE IF EXISTS `tabungan_in`;
/*!40101 SET @saved_cs_client     = @@character_set_client */;
/*!40101 SET character_set_client = utf8 */;
CREATE TABLE `tabungan_in` (
  `tabunganin_id` int(11) NOT NULL AUTO_INCREMENT,
  `tabungan_id` int(11) DEFAULT 0,
  `trans_code` varchar(50) DEFAULT NULL,
  `trans_name` varchar(50) DEFAULT NULL,
  `trans_date` date DEFAULT NULL,
  `amount` decimal(10,2) NOT NULL DEFAULT 0.00,
  `currency` varchar(50) DEFAULT NULL,
  `mode_pembayaran` varchar(50) DEFAULT NULL,
  `note` varchar(225) DEFAULT NULL,
  `created_by` int(11) DEFAULT NULL,
  `created_date` int(11) DEFAULT NULL,
  PRIMARY KEY (`tabunganin_id`),
  KEY `FK__tabungan` (`tabungan_id`),
  CONSTRAINT `FK__tabungan` FOREIGN KEY (`tabungan_id`) REFERENCES `tabungan` (`tabungan_id`)
) ENGINE=InnoDB AUTO_INCREMENT=10 DEFAULT CHARSET=latin1;
/*!40101 SET character_set_client = @saved_cs_client */;

--
-- Dumping data for table `tabungan_in`
--

LOCK TABLES `tabungan_in` WRITE;
/*!40000 ALTER TABLE `tabungan_in` DISABLE KEYS */;
INSERT INTO `tabungan_in` VALUES (2,6,'TABIN-202002-0001','Setor Untuk Pembelian Ayam','2020-02-05',1000000.00,'IDR','Transfer','tansfer dari rek 12391283746 BRI',NULL,NULL),(3,6,'TABIN-202002-0002','Setor Untuk Pembelian Ayam','2020-02-05',200000.00,'IDR','Tunai','diterima oleh Hamzah',NULL,NULL),(5,6,'TABIN-202002-0009','setor Aja','2020-01-02',200000.00,'IDR','Tunai','',3,NULL),(6,6,'TABIN-202002-0010','setor Aja','2020-01-22',300000.00,'IDR','Transfer','',3,NULL),(7,6,'TABIN-202002-0011','setor Aja','2020-01-20',100000.00,'IDR','Tunai','',3,NULL),(8,6,'TABIN-202002-0012','potong barang','2020-01-07',300000.00,'IDR','Lain-Lain','',3,NULL),(9,6,'TABIN-202002-0018','Setor Untuk Pembelian Ayam','2020-02-13',200000.00,'IDR','Tunai','testing',NULL,NULL);
/*!40000 ALTER TABLE `tabungan_in` ENABLE KEYS */;
UNLOCK TABLES;

--
-- Table structure for table `tabungan_out`
--

DROP TABLE IF EXISTS `tabungan_out`;
/*!40101 SET @saved_cs_client     = @@character_set_client */;
/*!40101 SET character_set_client = utf8 */;
CREATE TABLE `tabungan_out` (
  `tabunganout_id` int(11) NOT NULL AUTO_INCREMENT,
  `tabungan_id` int(11) DEFAULT 0,
  `trans_code` varchar(50) DEFAULT NULL,
  `trans_name` varchar(50) DEFAULT NULL,
  `trans_date` date DEFAULT NULL,
  `amount` decimal(10,2) NOT NULL DEFAULT 0.00,
  `currency` varchar(50) DEFAULT NULL,
  `mode_pemotongan` varchar(50) DEFAULT NULL,
  `note` varchar(225) DEFAULT NULL,
  `created_by` int(11) DEFAULT NULL,
  `created_date` int(11) DEFAULT NULL,
  PRIMARY KEY (`tabunganout_id`),
  KEY `FK_tabungan_out_tabungan` (`tabungan_id`),
  CONSTRAINT `FK_tabungan_out_tabungan` FOREIGN KEY (`tabungan_id`) REFERENCES `tabungan` (`tabungan_id`)
) ENGINE=InnoDB AUTO_INCREMENT=9 DEFAULT CHARSET=latin1;
/*!40101 SET character_set_client = @saved_cs_client */;

--
-- Dumping data for table `tabungan_out`
--

LOCK TABLES `tabungan_out` WRITE;
/*!40000 ALTER TABLE `tabungan_out` DISABLE KEYS */;
INSERT INTO `tabungan_out` VALUES (1,6,'TABOUT-202002-0001','Potong Pembelian Barang','2020-02-05',200000.00,'IDR','Potong Pembelian','test',3,NULL),(2,6,'TABOUT-202002-0002','Potong Pembelian Barang','2020-02-05',100000.00,'IDR','Potong Pembelian','',3,NULL),(3,6,'TABOUT-202002-0003','Setor Untuk Pembelian Ayam','2020-02-05',200000.00,'IDR','Potong Pembelian','',3,NULL),(4,6,'TABOUT-202002-0007','potong barang','2020-02-02',100000.00,'IDR','Potong Pembelian','',3,NULL),(5,6,'TABOUT-202002-0008','potong barang','2020-01-30',200000.00,'IDR','Potong Pembelian','',3,NULL),(6,6,'TABOUT-202002-0009','potong barang','2020-02-27',200000.00,'IDR','Transfer','',3,NULL),(7,6,'TABOUT-202002-0010','testing aja','2020-02-29',100000.00,'IDR','Potong Pembelian','',3,NULL),(8,6,'TABOUT-202002-0012','Potong Pembelian Barang','2020-02-13',100000.00,'IDR','Potong Pembelian','',NULL,NULL);
/*!40000 ALTER TABLE `tabungan_out` ENABLE KEYS */;
UNLOCK TABLES;

--
-- Table structure for table `unit`
--

DROP TABLE IF EXISTS `unit`;
/*!40101 SET @saved_cs_client     = @@character_set_client */;
/*!40101 SET character_set_client = utf8 */;
CREATE TABLE `unit` (
  `unit_id` int(11) NOT NULL AUTO_INCREMENT,
  `unit_name` varchar(225) DEFAULT NULL,
  PRIMARY KEY (`unit_id`)
) ENGINE=InnoDB AUTO_INCREMENT=6 DEFAULT CHARSET=latin1;
/*!40101 SET character_set_client = @saved_cs_client */;

--
-- Dumping data for table `unit`
--

LOCK TABLES `unit` WRITE;
/*!40000 ALTER TABLE `unit` DISABLE KEYS */;
INSERT INTO `unit` VALUES (1,'Kilogram'),(3,'Kardus'),(4,'Lusin'),(5,'PCS');
/*!40000 ALTER TABLE `unit` ENABLE KEYS */;
UNLOCK TABLES;

--
-- Table structure for table `user`
--

DROP TABLE IF EXISTS `user`;
/*!40101 SET @saved_cs_client     = @@character_set_client */;
/*!40101 SET character_set_client = utf8 */;
CREATE TABLE `user` (
  `user_id` int(11) NOT NULL AUTO_INCREMENT,
  `employee_id` int(11) DEFAULT NULL,
  `name` varchar(128) DEFAULT NULL,
  `email` varchar(128) DEFAULT NULL,
  `username` varchar(50) NOT NULL DEFAULT '0',
  `password` varchar(256) DEFAULT NULL,
  `role_id` int(11) DEFAULT NULL,
  `image` varchar(128) DEFAULT NULL,
  `is_active` int(1) DEFAULT NULL,
  `date_created` int(11) DEFAULT NULL,
  `date_update` int(11) DEFAULT NULL,
  PRIMARY KEY (`user_id`),
  UNIQUE KEY `Index 4` (`username`),
  KEY `FK_user_user_role` (`role_id`),
  KEY `FK_user_employee` (`employee_id`),
  CONSTRAINT `FK_user_employee` FOREIGN KEY (`employee_id`) REFERENCES `employee` (`employee_id`),
  CONSTRAINT `FK_user_user_role` FOREIGN KEY (`role_id`) REFERENCES `user_role` (`role_id`)
) ENGINE=InnoDB AUTO_INCREMENT=11 DEFAULT CHARSET=latin1;
/*!40101 SET character_set_client = @saved_cs_client */;

--
-- Dumping data for table `user`
--

LOCK TABLES `user` WRITE;
/*!40000 ALTER TABLE `user` DISABLE KEYS */;
INSERT INTO `user` VALUES (1,3,'Asep Komarudin','aasseepp@gmail.com','asep','$2y$10$ZiVBn3.DMa.vzH7yz0S.W./YvsbL5t2fDwgpXnEZBFgilJFazNgma',2,'default.png',1,1575443244,1582016880),(2,2,'adaadad','asep@gagagol.com','jamil','$2y$10$5k9oRdHtEE07g6ufJvlqfe0j09yMIIAHzRnjhrSaXrglfQXNc1RwW',2,'default.png',1,1575443988,1581928609),(3,NULL,NULL,NULL,'superadmin','$2y$10$nx.9.5bTgp3v15sJ0NFyEegtPRbF8vUZQYqhlt8.eskSvbpQUOs6S',2,'default2.png',1,NULL,1580709867),(10,13,NULL,NULL,'fatimah','$2y$10$QH/QOSE0FpfA0X43fFyoheXCaBWPuJqht.owTrUb4bq5dfhNKUbzS',2,NULL,1,1596069540,NULL);
/*!40000 ALTER TABLE `user` ENABLE KEYS */;
UNLOCK TABLES;

--
-- Table structure for table `user_role`
--

DROP TABLE IF EXISTS `user_role`;
/*!40101 SET @saved_cs_client     = @@character_set_client */;
/*!40101 SET character_set_client = utf8 */;
CREATE TABLE `user_role` (
  `role_id` int(11) NOT NULL AUTO_INCREMENT,
  `role_name` varchar(128) DEFAULT NULL,
  PRIMARY KEY (`role_id`)
) ENGINE=InnoDB AUTO_INCREMENT=3 DEFAULT CHARSET=latin1;
/*!40101 SET character_set_client = @saved_cs_client */;

--
-- Dumping data for table `user_role`
--

LOCK TABLES `user_role` WRITE;
/*!40000 ALTER TABLE `user_role` DISABLE KEYS */;
INSERT INTO `user_role` VALUES (1,'administrator'),(2,'member');
/*!40000 ALTER TABLE `user_role` ENABLE KEYS */;
UNLOCK TABLES;

--
-- Table structure for table `userfunction`
--

DROP TABLE IF EXISTS `userfunction`;
/*!40101 SET @saved_cs_client     = @@character_set_client */;
/*!40101 SET character_set_client = utf8 */;
CREATE TABLE `userfunction` (
  `function_id` int(11) NOT NULL AUTO_INCREMENT,
  `function_code` varchar(50) NOT NULL DEFAULT '0',
  `function_name` varchar(100) NOT NULL,
  `create_date` timestamp NULL DEFAULT current_timestamp(),
  `is_default` int(1) DEFAULT NULL,
  `note` varchar(225) DEFAULT NULL,
  PRIMARY KEY (`function_id`)
) ENGINE=InnoDB AUTO_INCREMENT=20 DEFAULT CHARSET=latin1;
/*!40101 SET character_set_client = @saved_cs_client */;

--
-- Dumping data for table `userfunction`
--

LOCK TABLES `userfunction` WRITE;
/*!40000 ALTER TABLE `userfunction` DISABLE KEYS */;
INSERT INTO `userfunction` VALUES (13,'Admin','admin kandang','2020-02-02 02:39:28',NULL,NULL),(15,'ABCD','Testing Group','2020-02-02 10:42:09',1,NULL),(19,'KSR1','Kasir 1','2020-07-30 07:54:30',NULL,NULL);
/*!40000 ALTER TABLE `userfunction` ENABLE KEYS */;
UNLOCK TABLES;

--
-- Table structure for table `userfunctiongroup`
--

DROP TABLE IF EXISTS `userfunctiongroup`;
/*!40101 SET @saved_cs_client     = @@character_set_client */;
/*!40101 SET character_set_client = utf8 */;
CREATE TABLE `userfunctiongroup` (
  `group_id` int(11) NOT NULL AUTO_INCREMENT,
  `employee_id` int(11) NOT NULL,
  `function_id` int(11) NOT NULL,
  PRIMARY KEY (`group_id`),
  KEY `FK_simuserfunctiongroup_employee` (`employee_id`),
  KEY `FK_simuserfunctiongroup_userfunction` (`function_id`),
  CONSTRAINT `FK_simuserfunctiongroup_employee` FOREIGN KEY (`employee_id`) REFERENCES `employee` (`employee_id`),
  CONSTRAINT `FK_simuserfunctiongroup_userfunction` FOREIGN KEY (`function_id`) REFERENCES `userfunction` (`function_id`)
) ENGINE=InnoDB AUTO_INCREMENT=148 DEFAULT CHARSET=latin1;
/*!40101 SET character_set_client = @saved_cs_client */;

--
-- Dumping data for table `userfunctiongroup`
--

LOCK TABLES `userfunctiongroup` WRITE;
/*!40000 ALTER TABLE `userfunctiongroup` DISABLE KEYS */;
INSERT INTO `userfunctiongroup` VALUES (138,3,13),(144,2,15),(145,3,15),(146,13,15),(147,13,19);
/*!40000 ALTER TABLE `userfunctiongroup` ENABLE KEYS */;
UNLOCK TABLES;

--
-- Table structure for table `userfunctionmenu`
--

DROP TABLE IF EXISTS `userfunctionmenu`;
/*!40101 SET @saved_cs_client     = @@character_set_client */;
/*!40101 SET character_set_client = utf8 */;
CREATE TABLE `userfunctionmenu` (
  `functionmenu_id` int(11) NOT NULL AUTO_INCREMENT,
  `menu_id` int(11) DEFAULT NULL,
  `function_id` int(11) DEFAULT NULL,
  `acess_level` int(11) DEFAULT NULL,
  PRIMARY KEY (`functionmenu_id`)
) ENGINE=InnoDB AUTO_INCREMENT=2704 DEFAULT CHARSET=latin1;
/*!40101 SET character_set_client = @saved_cs_client */;

--
-- Dumping data for table `userfunctionmenu`
--

LOCK TABLES `userfunctionmenu` WRITE;
/*!40000 ALTER TABLE `userfunctionmenu` DISABLE KEYS */;
INSERT INTO `userfunctionmenu` VALUES (2591,2,13,4),(2592,3,13,4),(2593,4,13,1),(2594,18,13,NULL),(2595,19,13,4),(2596,24,13,4),(2597,55,13,1),(2598,61,13,4),(2599,65,13,4),(2600,66,13,4),(2601,72,13,4),(2602,73,13,NULL),(2603,74,13,NULL),(2604,79,13,4),(2605,80,13,4),(2606,81,13,4),(2607,83,13,3),(2608,84,13,3),(2609,85,13,4),(2610,86,13,4),(2611,87,13,4),(2612,88,13,NULL),(2613,89,13,NULL),(2614,90,13,NULL),(2615,91,13,NULL),(2616,92,13,4),(2617,93,13,4),(2618,94,13,3),(2619,95,13,4),(2620,96,13,NULL),(2621,97,13,NULL),(2622,98,13,4),(2623,99,13,4),(2624,100,13,NULL),(2625,101,13,NULL),(2626,102,13,NULL),(2627,103,13,NULL),(2628,104,13,NULL),(2629,105,13,NULL),(2630,106,13,NULL),(2631,107,13,NULL),(2632,108,13,NULL),(2633,109,13,NULL),(2634,110,13,NULL),(2635,111,13,NULL),(2636,112,13,NULL),(2637,113,13,NULL),(2638,114,13,4),(2639,115,13,NULL),(2640,116,13,NULL),(2641,117,13,NULL),(2642,118,13,NULL),(2643,119,13,NULL),(2644,120,13,NULL),(2645,121,13,NULL),(2646,122,13,NULL),(2647,123,13,NULL),(2648,124,13,NULL),(2649,125,13,NULL),(2650,126,13,NULL),(2651,127,13,1),(2652,128,13,NULL),(2653,129,13,NULL),(2654,130,13,NULL),(2655,131,13,NULL),(2656,132,13,NULL),(2657,133,13,NULL),(2658,134,13,NULL),(2681,2,15,1),(2682,3,15,1),(2683,72,15,1),(2684,79,15,1),(2685,88,15,NULL),(2686,90,15,NULL),(2687,91,15,NULL),(2688,105,15,NULL),(2689,106,15,NULL),(2690,121,15,4),(2691,122,15,NULL),(2692,127,15,1),(2693,2,19,1),(2694,73,19,NULL),(2695,74,19,NULL),(2696,79,19,4),(2697,85,19,4),(2698,86,19,4),(2699,87,19,4),(2700,88,19,NULL),(2701,90,19,NULL),(2702,121,19,4),(2703,127,19,4);
/*!40000 ALTER TABLE `userfunctionmenu` ENABLE KEYS */;
UNLOCK TABLES;

--
-- Table structure for table `worklocation`
--

DROP TABLE IF EXISTS `worklocation`;
/*!40101 SET @saved_cs_client     = @@character_set_client */;
/*!40101 SET character_set_client = utf8 */;
CREATE TABLE `worklocation` (
  `worklocation_id` int(11) NOT NULL AUTO_INCREMENT,
  `worklocation_name` varchar(200) DEFAULT NULL,
  `address` varchar(225) DEFAULT NULL,
  `note` varchar(225) DEFAULT NULL,
  `company_id` int(11) NOT NULL DEFAULT 0,
  `parent` int(11) DEFAULT NULL,
  `parentpath` varchar(225) DEFAULT NULL,
  `is_warehouse` int(1) DEFAULT 0,
  PRIMARY KEY (`worklocation_id`)
) ENGINE=InnoDB AUTO_INCREMENT=9 DEFAULT CHARSET=latin1;
/*!40101 SET character_set_client = @saved_cs_client */;

--
-- Dumping data for table `worklocation`
--

LOCK TABLES `worklocation` WRITE;
/*!40000 ALTER TABLE `worklocation` DISABLE KEYS */;
INSERT INTO `worklocation` VALUES (1,'Ciledug','ciledung tanggerang selatan',NULL,0,0,'',1),(2,'Kota Bumi','safafa',NULL,0,0,'',1),(6,'Jakarta barat','jakarta barat DKI',NULL,0,0,'',0);
/*!40000 ALTER TABLE `worklocation` ENABLE KEYS */;
UNLOCK TABLES;

--
-- Dumping routines for database 'pos'
--
/*!40103 SET TIME_ZONE=@OLD_TIME_ZONE */;

/*!40101 SET SQL_MODE=@OLD_SQL_MODE */;
/*!40014 SET FOREIGN_KEY_CHECKS=@OLD_FOREIGN_KEY_CHECKS */;
/*!40014 SET UNIQUE_CHECKS=@OLD_UNIQUE_CHECKS */;
/*!40101 SET CHARACTER_SET_CLIENT=@OLD_CHARACTER_SET_CLIENT */;
/*!40101 SET CHARACTER_SET_RESULTS=@OLD_CHARACTER_SET_RESULTS */;
/*!40101 SET COLLATION_CONNECTION=@OLD_COLLATION_CONNECTION */;
/*!40111 SET SQL_NOTES=@OLD_SQL_NOTES */;

-- Dump completed on 2020-07-30 19:54:37
